ProductReference,SupplierName,DateOfIncident,IssueDescription,ResolutionStatus,CostImpact
PRD00102,SupplierB,2023-08-02,Other,Resolved,372.0
PRD00071,SupplierB,2024-05-25,Labeling Error,Resolved,381.0
PRD00685,SupplierD,2023-11-10,Other,Not Resolved,269.0
PRD00142,SupplierD,2023-09-29,Other,Not Resolved,191.0
PRD00265,SupplierC,2024-06-02,Labeling Error,Resolved,381.0
PRD00554,SupplierC,2023-06-27,Other,Resolved,155.0
PRD00033,SupplierF,2024-02-10,Incorrect Folding,In Progress,335.0
PRD00701,SupplierB,2024-04-18,Other,Not Resolved,299.0
PRD00233,SupplierG,2023-01-30,Incorrect Folding,In Progress,176.25
PRD00041,SupplierB,2023-03-02,Incorrect Folding,Resolved,337.5
PRD00320,SupplierC,2023-01-07,Missing Items,Resolved,357.0
PRD00276,SupplierF,2023-03-13,Other,Resolved,73.0
PRD00267,SupplierD,2024-03-26,Packaging Damage,Resolved,1706.0
PRD00242,SupplierB,2023-02-01,Other,In Progress,57.0
PRD00583,SupplierC,2024-03-15,Other,Resolved,345.0
PRD00561,SupplierF,2023-12-08,Packaging Damage,Not Resolved,1735.0
PRD00637,SupplierD,2023-07-19,Missing Items,Resolved,511.0
PRD00091,SupplierD,2023-09-11,Labeling Error,Resolved,199.0
PRD00354,SupplierD,2023-11-27,Labeling Error,Resolved,238.0
PRD00333,SupplierC,2023-02-15,Labeling Error,In Progress,414.0
PRD00623,SupplierF,2023-03-19,Packaging Damage,Resolved,1544.0
PRD00051,SupplierD,2023-06-17,Other,Resolved,274.0
PRD00386,SupplierE,2023-09-12,Labeling Error,Resolved,142.0
PRD00099,SupplierF,2023-01-10,Labeling Error,Resolved,344.0
PRD00393,SupplierA,2024-07-02,Other,Resolved,83.0
PRD00197,SupplierC,2023-04-25,Product Wrinkled,In Progress,593.75
PRD00412,SupplierE,2023-04-23,Other,Resolved,212.0
PRD00632,SupplierA,2023-11-14,Incorrect Folding,Resolved,338.75
PRD00702,SupplierD,2023-08-13,Labeling Error,Resolved,475.0
PRD00477,SupplierA,2024-01-11,Labeling Error,Resolved,219.0
PRD00634,SupplierC,2023-11-07,Missing Items,Resolved,739.0
PRD00119,SupplierC,2024-03-28,Labeling Error,Resolved,236.0
PRD00350,SupplierA,2023-06-23,Packaging Damage,In Progress,904.0
PRD00314,SupplierB,2023-06-03,Other,Not Resolved,162.0
PRD00493,SupplierB,2023-02-01,Other,In Progress,126.0
PRD00233,SupplierG,2024-02-25,Incorrect Folding,Resolved,418.75
PRD00437,SupplierC,2023-10-02,Labeling Error,Resolved,203.0
PRD00346,SupplierH,2023-12-17,Other,In Progress,242.0
PRD00482,SupplierA,2023-06-25,Packaging Damage,Resolved,1848.75
PRD00102,SupplierF,2024-04-30,Transportation Damage,Resolved,1738.0
PRD00574,SupplierC,2024-03-11,Packaging Damage,Resolved,1043.0
PRD00528,SupplierD,2023-05-25,Other,Resolved,235.0
PRD00627,SupplierF,2023-07-26,Other,In Progress,213.0
PRD00603,SupplierB,2023-06-02,Incorrect Folding,Not Resolved,608.75
PRD00505,SupplierA,2023-06-04,Packaging Damage,Resolved,1854.0
PRD00266,SupplierF,2023-07-28,Packaging Damage,Resolved,1672.0
PRD00565,SupplierC,2023-10-05,Packaging Damage,Resolved,1699.0
PRD00013,SupplierD,2024-06-16,Incorrect Folding,Resolved,406.25
PRD00104,SupplierC,2023-12-06,Other,Resolved,317.0
PRD00511,SupplierB,2023-03-07,Packaging Damage,Resolved,639.0
PRD00658,SupplierH,2023-01-25,Packaging Damage,Resolved,1924.0
PRD00345,SupplierD,2023-07-05,Incorrect Folding,Resolved,321.25
PRD00124,SupplierE,2024-07-08,Incorrect Folding,Resolved,700.0
PRD00349,SupplierE,2024-02-02,Other,Resolved,136.0
PRD00114,SupplierD,2023-11-27,Labeling Error,Resolved,306.0
PRD00397,SupplierC,2024-03-31,Labeling Error,Not Resolved,102.0
PRD00524,SupplierC,2023-03-30,Labeling Error,Resolved,392.0
PRD00646,SupplierD,2023-04-09,Labeling Error,Resolved,325.0
PRD00103,SupplierC,2024-01-26,Other,Resolved,124.0
PRD00222,SupplierB,2024-04-04,Incorrect Folding,Resolved,561.25
PRD00310,SupplierD,2024-04-29,Other,Resolved,167.0
PRD00438,SupplierB,2023-11-22,Labeling Error,Resolved,359.0
PRD00390,SupplierF,2023-11-14,Incorrect Folding,Resolved,345.0
PRD00263,SupplierH,2023-11-21,Incorrect Folding,Resolved,520.0
PRD00250,SupplierA,2024-04-21,Labeling Error,Resolved,322.0
PRD00001,SupplierB,2023-12-09,Other,Resolved,263.0
PRD00579,SupplierC,2023-01-13,Other,Not Resolved,80.0
PRD00078,SupplierE,2023-11-04,Labeling Error,Resolved,220.0
PRD00216,SupplierB,2023-10-04,Other,Resolved,82.0
PRD00162,SupplierF,2024-05-30,Packaging Damage,Resolved,1681.0
PRD00056,SupplierC,2024-03-12,Other,Resolved,286.0
PRD00372,SupplierA,2023-09-26,Incorrect Folding,Resolved,382.5
PRD00449,SupplierA,2023-12-07,Other,Resolved,95.0
PRD00307,SupplierB,2023-06-06,Incorrect Folding,In Progress,313.75
PRD00543,SupplierG,2023-05-17,Incorrect Folding,Resolved,685.0
PRD00269,SupplierD,2023-04-09,Other,Not Resolved,338.0
PRD00054,SupplierB,2024-03-16,Labeling Error,Resolved,411.0
PRD00096,SupplierH,2024-03-18,Other,Resolved,280.0
PRD00075,SupplierC,2023-07-05,Packaging Damage,Resolved,1335.0
PRD00104,SupplierA,2024-05-17,Other,Resolved,123.0
PRD00354,SupplierE,2024-05-12,Labeling Error,In Progress,149.0
PRD00144,SupplierB,2024-06-25,Other,Resolved,336.0
PRD00054,SupplierA,2023-06-15,Labeling Error,Resolved,235.0
PRD00396,SupplierE,2023-09-14,Incorrect Folding,Resolved,646.25
PRD00562,SupplierC,2024-06-07,Missing Items,Resolved,576.0
PRD00003,SupplierH,2023-02-01,Packaging Damage,Resolved,1635.0
PRD00066,SupplierC,2024-03-31,Incorrect Folding,Not Resolved,731.25
PRD00301,SupplierD,2023-06-29,Incorrect Folding,Resolved,406.25
PRD00693,SupplierB,2024-03-30,Packaging Damage,Resolved,580.0
PRD00697,SupplierF,2023-10-30,Other,Resolved,72.0
PRD00480,SupplierD,2023-03-27,Other,Not Resolved,381.0
PRD00209,SupplierA,2023-10-08,Labeling Error,In Progress,330.0
PRD00144,SupplierD,2024-02-06,Other,Resolved,74.0
PRD00071,SupplierB,2023-05-27,Labeling Error,In Progress,467.0
PRD00301,SupplierC,2023-07-07,Incorrect Folding,Resolved,351.25
PRD00260,SupplierH,2023-03-12,Labeling Error,Resolved,463.0
PRD00089,SupplierC,2023-08-10,Labeling Error,Resolved,397.0
PRD00034,SupplierH,2024-01-25,Incorrect Folding,Not Resolved,331.25
PRD00525,SupplierD,2024-06-09,Labeling Error,Resolved,258.0
PRD00643,SupplierD,2023-03-08,Missing Items,Resolved,489.0
PRD00538,SupplierD,2024-03-01,Other,Resolved,385.0
PRD00323,SupplierH,2023-04-20,Packaging Damage,Resolved,886.0
PRD00633,SupplierA,2023-07-07,Other,In Progress,393.0
PRD00093,SupplierD,2023-02-10,Packaging Damage,Resolved,610.0
PRD00500,SupplierC,2023-07-26,Packaging Damage,Resolved,658.0
PRD00440,SupplierC,2024-01-18,Labeling Error,Resolved,274.0
PRD00251,SupplierE,2023-10-17,Incorrect Folding,Resolved,313.75
PRD00540,SupplierB,2023-04-18,Labeling Error,Resolved,200.0
PRD00175,SupplierH,2023-11-25,Packaging Damage,Resolved,1505.0
PRD00520,SupplierG,2023-11-06,Incorrect Folding,Resolved,322.5
PRD00671,SupplierF,2023-09-24,Incorrect Folding,Resolved,126.25
PRD00057,SupplierD,2024-02-10,Labeling Error,Resolved,284.0
PRD00391,SupplierE,2023-09-24,Incorrect Folding,Resolved,187.5
PRD00651,SupplierF,2023-09-29,Labeling Error,Resolved,104.0
PRD00575,SupplierA,2023-05-21,Incorrect Folding,Resolved,220.0
PRD00617,SupplierC,2023-01-18,Incorrect Folding,In Progress,622.5
PRD00395,SupplierB,2023-05-18,Other,In Progress,339.0
PRD00384,SupplierA,2023-11-11,Incorrect Folding,Resolved,443.75
PRD00609,SupplierB,2023-08-24,Incorrect Folding,Resolved,417.5
PRD00176,SupplierB,2023-02-25,Labeling Error,In Progress,366.0
PRD00559,SupplierG,2023-05-23,Other,In Progress,210.0
PRD00174,SupplierC,2023-03-30,Missing Items,Resolved,1187.0
PRD00553,SupplierC,2023-07-29,Other,Resolved,313.0
PRD00066,SupplierG,2024-06-09,Incorrect Folding,Resolved,586.25
PRD00384,SupplierH,2023-02-26,Incorrect Folding,Resolved,588.75
PRD00370,SupplierD,2023-12-29,Labeling Error,Not Resolved,154.0
PRD00221,SupplierD,2023-08-14,Packaging Damage,Resolved,1021.25
PRD00526,SupplierD,2023-05-26,Other,Resolved,308.0
PRD00492,SupplierD,2023-05-23,Packaging Damage,Resolved,1856.0
PRD00024,SupplierG,2023-08-26,Packaging Damage,In Progress,652.0
PRD00164,SupplierH,2023-02-03,Missing Items,Resolved,1169.0
PRD00381,SupplierB,2024-06-21,Labeling Error,In Progress,438.0
PRD00516,SupplierH,2023-12-27,Labeling Error,Resolved,337.0
PRD00041,SupplierC,2023-05-13,Incorrect Folding,Not Resolved,538.75
PRD00224,SupplierD,2023-02-11,Other,Resolved,98.0
PRD00482,SupplierE,2024-04-17,Packaging Damage,Resolved,1812.5
PRD00011,SupplierF,2024-04-06,Incorrect Folding,Resolved,688.75
PRD00365,SupplierC,2023-01-09,Other,Not Resolved,143.0
PRD00523,SupplierF,2023-10-15,Incorrect Folding,Resolved,220.0
PRD00523,SupplierB,2023-06-25,Incorrect Folding,Resolved,587.5
PRD00096,SupplierC,2023-05-29,Other,Resolved,146.0
PRD00371,SupplierB,2024-02-11,Labeling Error,Resolved,409.0
PRD00503,SupplierB,2023-05-17,Incorrect Folding,Resolved,553.75
PRD00301,SupplierH,2024-04-12,Product Wrinkled,Resolved,237.5
PRD00093,SupplierC,2023-06-01,Other,In Progress,291.0
PRD00418,SupplierE,2024-03-07,Other,Resolved,358.0
PRD00640,SupplierC,2024-05-27,Other,Resolved,279.0
PRD00605,SupplierF,2024-02-14,Labeling Error,Resolved,474.0
PRD00385,SupplierB,2024-06-25,Incorrect Folding,In Progress,360.0
PRD00562,SupplierD,2023-05-27,Missing Items,Resolved,307.0
PRD00104,SupplierC,2023-05-26,Missing Items,Resolved,635.0
PRD00061,SupplierF,2024-04-04,Packaging Damage,Resolved,778.0
PRD00371,SupplierE,2023-12-07,Labeling Error,Resolved,371.0
PRD00540,SupplierD,2023-01-18,Labeling Error,In Progress,349.0
PRD00317,SupplierH,2023-09-20,Other,Resolved,282.0
PRD00341,SupplierD,2023-12-06,Other,In Progress,347.0
PRD00110,SupplierB,2023-09-16,Labeling Error,Not Resolved,434.0
PRD00677,SupplierA,2023-01-13,Incorrect Folding,Resolved,216.25
PRD00236,SupplierF,2023-10-04,Other,Resolved,329.0
PRD00017,SupplierF,2024-03-11,Other,Not Resolved,130.0
PRD00159,SupplierA,2024-01-28,Incorrect Folding,Resolved,630.0
PRD00077,SupplierF,2023-01-25,Labeling Error,Resolved,486.0
PRD00684,SupplierE,2023-12-01,Packaging Damage,Not Resolved,1556.25
PRD00345,SupplierA,2023-07-05,Incorrect Folding,Resolved,352.5
PRD00498,SupplierB,2024-04-30,Labeling Error,Resolved,296.0
PRD00637,SupplierD,2023-07-05,Missing Items,In Progress,492.0
PRD00080,SupplierA,2023-10-06,Labeling Error,Not Resolved,360.0
PRD00244,SupplierF,2023-07-30,Transportation Damage,Resolved,1508.0
PRD00665,SupplierC,2024-06-12,Labeling Error,Resolved,354.0
PRD00464,SupplierG,2023-09-23,Incorrect Folding,In Progress,430.0
PRD00320,SupplierD,2023-06-20,Missing Items,Resolved,1031.0
PRD00014,SupplierE,2023-04-09,Other,In Progress,189.0
PRD00328,SupplierC,2023-02-11,Packaging Damage,Resolved,1110.0
PRD00261,SupplierC,2024-04-29,Packaging Damage,Not Resolved,2443.75
PRD00662,SupplierE,2023-02-02,Other,Resolved,302.0
PRD00068,SupplierH,2023-04-09,Labeling Error,Resolved,193.0
PRD00624,SupplierC,2023-04-02,Incorrect Folding,In Progress,278.75
PRD00552,SupplierE,2024-04-13,Labeling Error,Not Resolved,422.0
PRD00134,SupplierD,2024-02-27,Other,Resolved,226.0
PRD00246,SupplierF,2023-08-23,Other,Resolved,270.0
PRD00438,SupplierE,2023-11-23,Labeling Error,Resolved,294.0
PRD00520,SupplierB,2023-09-08,Incorrect Folding,In Progress,197.5
PRD00361,SupplierC,2023-07-19,Incorrect Folding,Resolved,596.25
PRD00312,SupplierF,2023-02-07,Labeling Error,Resolved,449.0
PRD00420,SupplierA,2023-10-29,Other,In Progress,343.0
PRD00572,SupplierA,2024-01-15,Labeling Error,Resolved,233.0
PRD00448,SupplierC,2023-08-08,Incorrect Folding,Resolved,647.5
PRD00427,SupplierF,2023-09-02,Transportation Damage,Resolved,1706.0
PRD00551,SupplierD,2023-07-13,Missing Items,Resolved,1365.0
PRD00064,SupplierH,2023-07-10,Packaging Damage,Resolved,556.0
PRD00318,SupplierD,2023-01-25,Labeling Error,Resolved,277.0
PRD00169,SupplierC,2023-03-28,Labeling Error,Resolved,385.0
PRD00338,SupplierA,2023-11-24,Packaging Damage,Resolved,1816.0
PRD00587,SupplierC,2023-02-13,Labeling Error,Resolved,211.0
PRD00261,SupplierH,2024-04-02,Packaging Damage,Resolved,1557.5
PRD00670,SupplierC,2024-06-03,Other,In Progress,226.0
PRD00039,SupplierC,2023-12-30,Packaging Damage,Resolved,706.0
PRD00417,SupplierC,2023-07-06,Incorrect Folding,In Progress,662.5
PRD00513,SupplierC,2023-02-27,Other,Resolved,379.0
PRD00007,SupplierB,2023-09-14,Labeling Error,Resolved,350.0
PRD00333,SupplierG,2023-12-11,Labeling Error,Resolved,230.0
PRD00228,SupplierG,2023-03-12,Other,Resolved,196.0
PRD00684,SupplierD,2024-03-17,Packaging Damage,Not Resolved,862.5
PRD00118,SupplierD,2024-06-24,Labeling Error,Resolved,123.0
PRD00636,SupplierD,2023-11-17,Packaging Damage,Resolved,1200.0
PRD00179,SupplierE,2023-09-17,Missing Items,Not Resolved,878.0
PRD00457,SupplierD,2024-04-30,Labeling Error,Resolved,360.0
PRD00224,SupplierA,2023-10-06,Packaging Damage,Resolved,854.0
PRD00508,SupplierG,2023-01-18,Labeling Error,Resolved,290.0
PRD00259,SupplierC,2023-02-20,Incorrect Folding,Resolved,216.25
PRD00366,SupplierF,2024-05-03,Packaging Damage,Resolved,1361.0
PRD00100,SupplierF,2024-03-20,Labeling Error,In Progress,444.0
PRD00330,SupplierA,2023-02-15,Incorrect Folding,Resolved,655.0
PRD00696,SupplierA,2024-03-29,Packaging Damage,Resolved,1617.0
PRD00602,SupplierD,2023-05-11,Other,Resolved,91.0
PRD00438,SupplierD,2024-02-20,Labeling Error,Resolved,182.0
PRD00505,SupplierF,2023-07-01,Packaging Damage,Resolved,866.0
PRD00703,SupplierB,2023-07-30,Other,In Progress,137.0
PRD00599,SupplierC,2023-01-19,Labeling Error,Not Resolved,409.0
PRD00568,SupplierC,2023-08-22,Other,In Progress,273.0
PRD00004,SupplierC,2023-03-15,Other,Not Resolved,313.0
PRD00155,SupplierH,2024-05-11,Packaging Damage,Resolved,1664.0
PRD00699,SupplierE,2023-12-27,Incorrect Folding,Not Resolved,463.75
PRD00374,SupplierA,2024-02-12,Packaging Damage,In Progress,1852.0
PRD00276,SupplierB,2023-12-15,Other,In Progress,319.0
PRD00442,SupplierF,2023-12-13,Packaging Damage,Resolved,1241.0
PRD00001,SupplierB,2024-01-08,Other,Resolved,58.0
PRD00508,SupplierD,2024-03-29,Labeling Error,Resolved,138.0
PRD00294,SupplierD,2024-05-21,Packaging Damage,Resolved,1461.25
PRD00030,SupplierE,2023-10-18,Incorrect Folding,In Progress,223.75
PRD00103,SupplierG,2024-03-13,Other,Resolved,55.0
PRD00422,SupplierD,2024-03-24,Labeling Error,Resolved,173.0
PRD00527,SupplierE,2023-06-15,Other,Not Resolved,319.0
PRD00632,SupplierE,2023-01-29,Incorrect Folding,Not Resolved,230.0
PRD00541,SupplierC,2023-09-04,Other,Resolved,247.0
PRD00588,SupplierE,2023-04-07,Incorrect Folding,Resolved,458.75
PRD00321,SupplierH,2023-03-05,Other,In Progress,369.0
PRD00368,SupplierD,2023-01-26,Labeling Error,Resolved,231.0
PRD00009,SupplierD,2024-06-04,Other,Resolved,231.0
PRD00520,SupplierB,2023-05-16,Incorrect Folding,In Progress,478.75
PRD00280,SupplierC,2024-03-20,Labeling Error,Resolved,228.0
PRD00350,SupplierH,2024-05-28,Packaging Damage,Not Resolved,1471.0
PRD00331,SupplierF,2024-04-01,Packaging Damage,In Progress,652.5
PRD00609,SupplierH,2023-02-05,Incorrect Folding,Resolved,453.75
PRD00397,SupplierA,2023-08-18,Labeling Error,In Progress,258.0
PRD00614,SupplierA,2023-11-18,Labeling Error,Resolved,364.0
PRD00364,SupplierB,2024-05-16,Incorrect Folding,In Progress,501.25
PRD00247,SupplierE,2023-10-01,Other,Resolved,70.0
PRD00655,SupplierC,2024-01-08,Other,Resolved,283.0
PRD00391,SupplierF,2024-05-17,Incorrect Folding,Resolved,746.25
PRD00375,SupplierE,2023-09-24,Labeling Error,Resolved,482.0
PRD00309,SupplierD,2023-06-28,Incorrect Folding,Resolved,636.25
PRD00567,SupplierC,2023-07-09,Incorrect Folding,Resolved,483.75
PRD00645,SupplierC,2023-12-16,Labeling Error,Resolved,418.0
PRD00422,SupplierD,2023-05-10,Labeling Error,Resolved,277.0
PRD00191,SupplierA,2024-06-15,Labeling Error,Resolved,250.0
PRD00694,SupplierF,2023-02-19,Other,In Progress,224.0
PRD00352,SupplierE,2024-03-23,Incorrect Folding,Resolved,353.75
PRD00165,SupplierA,2024-06-03,Incorrect Folding,Resolved,270.0
PRD00464,SupplierB,2023-04-22,Incorrect Folding,Resolved,483.75
PRD00061,SupplierH,2024-05-24,Transportation Damage,In Progress,1343.0
PRD00052,SupplierA,2023-05-05,Labeling Error,Resolved,176.0
PRD00211,SupplierD,2023-03-15,Other,In Progress,355.0
PRD00131,SupplierD,2024-01-11,Packaging Damage,Resolved,1372.0
PRD00595,SupplierC,2023-11-21,Incorrect Folding,Resolved,166.25
PRD00602,SupplierD,2024-01-16,Missing Items,Resolved,1312.0
PRD00221,SupplierA,2023-07-16,Packaging Damage,Resolved,1891.25
PRD00247,SupplierD,2023-02-05,Packaging Damage,Resolved,613.0
PRD00477,SupplierH,2023-10-26,Labeling Error,In Progress,431.0
PRD00604,SupplierF,2023-03-05,Incorrect Folding,Resolved,608.75
PRD00300,SupplierC,2024-06-04,Labeling Error,Resolved,258.0
PRD00075,SupplierB,2024-04-09,Packaging Damage,In Progress,655.0
PRD00687,SupplierG,2023-06-19,Other,In Progress,400.0
PRD00012,SupplierD,2024-05-28,Incorrect Folding,Resolved,587.5
PRD00188,SupplierD,2024-06-15,Incorrect Folding,In Progress,400.0
PRD00089,SupplierH,2024-03-27,Labeling Error,Resolved,319.0
PRD00413,SupplierG,2024-01-10,Other,Resolved,245.0
PRD00096,SupplierG,2024-04-23,Other,In Progress,160.0
PRD00355,SupplierF,2023-08-29,Labeling Error,In Progress,167.0
PRD00151,SupplierB,2023-03-10,Incorrect Folding,Resolved,230.0
PRD00600,SupplierG,2024-03-17,Labeling Error,Resolved,318.0
PRD00217,SupplierF,2024-05-26,Missing Items,In Progress,1101.0
PRD00484,SupplierD,2024-02-23,Packaging Damage,Not Resolved,821.0
PRD00368,SupplierC,2024-04-21,Labeling Error,Resolved,264.0
PRD00328,SupplierB,2023-09-05,Packaging Damage,Resolved,1332.0
PRD00159,SupplierC,2024-06-20,Incorrect Folding,Resolved,216.25
PRD00130,SupplierD,2023-06-04,Incorrect Folding,Resolved,658.75
PRD00578,SupplierF,2024-02-13,Incorrect Folding,Resolved,678.75
PRD00535,SupplierB,2024-06-15,Other,Resolved,293.0
PRD00394,SupplierD,2023-01-21,Labeling Error,In Progress,197.0
PRD00375,SupplierF,2023-05-01,Labeling Error,Resolved,192.0
PRD00680,SupplierF,2023-04-09,Labeling Error,Resolved,125.0
PRD00315,SupplierC,2023-11-26,Incorrect Folding,Resolved,525.0
PRD00635,SupplierF,2023-02-28,Labeling Error,Resolved,262.0
PRD00637,SupplierB,2024-06-27,Missing Items,Not Resolved,1046.0
PRD00651,SupplierC,2024-01-31,Labeling Error,Resolved,367.0
PRD00337,SupplierD,2023-10-05,Labeling Error,In Progress,338.0
PRD00167,SupplierC,2023-10-16,Other,Resolved,290.0
PRD00207,SupplierE,2024-03-07,Labeling Error,Resolved,139.0
PRD00366,SupplierH,2023-02-16,Packaging Damage,Not Resolved,1418.0
PRD00447,SupplierH,2023-05-12,Packaging Damage,In Progress,1047.0
PRD00341,SupplierB,2023-04-05,Other,Resolved,343.0
PRD00035,SupplierB,2024-05-25,Incorrect Folding,Resolved,570.0
PRD00393,SupplierB,2024-03-11,Packaging Damage,Resolved,1108.0
PRD00284,SupplierC,2023-11-19,Labeling Error,In Progress,475.0
PRD00236,SupplierC,2024-02-21,Other,Resolved,305.0
PRD00685,SupplierB,2023-08-28,Other,In Progress,185.0
PRD00641,SupplierE,2023-05-08,Labeling Error,Resolved,274.0
PRD00418,SupplierD,2024-01-19,Missing Items,Resolved,1349.0
PRD00274,SupplierE,2024-02-05,Labeling Error,In Progress,443.0
PRD00588,SupplierC,2023-04-30,Incorrect Folding,Not Resolved,715.0
PRD00281,SupplierH,2023-06-09,Labeling Error,In Progress,141.0
PRD00074,SupplierF,2023-07-16,Labeling Error,Not Resolved,321.0
PRD00672,SupplierC,2023-03-14,Labeling Error,In Progress,287.0
PRD00355,SupplierD,2023-08-16,Labeling Error,Resolved,415.0
PRD00183,SupplierG,2024-02-26,Missing Items,Resolved,715.0
PRD00528,SupplierD,2024-01-18,Other,Resolved,177.0
PRD00215,SupplierC,2023-02-06,Packaging Damage,Resolved,1747.5
PRD00404,SupplierD,2023-11-05,Labeling Error,Resolved,338.0
PRD00558,SupplierF,2023-05-03,Incorrect Folding,Resolved,306.25
PRD00310,SupplierG,2023-11-21,Missing Items,In Progress,343.0
PRD00589,SupplierD,2024-05-15,Labeling Error,Resolved,391.0
PRD00278,SupplierH,2023-04-08,Transportation Damage,Resolved,888.0
PRD00535,SupplierF,2023-03-21,Other,Resolved,69.0
PRD00293,SupplierF,2023-04-29,Labeling Error,Resolved,286.0
PRD00093,SupplierD,2023-07-04,Other,Resolved,313.0
PRD00151,SupplierB,2023-04-28,Incorrect Folding,Not Resolved,276.25
PRD00584,SupplierD,2023-12-05,Other,Resolved,295.0
PRD00072,SupplierH,2023-12-01,Labeling Error,Resolved,245.0
PRD00373,SupplierE,2024-01-02,Labeling Error,Resolved,183.0
PRD00656,SupplierH,2023-08-10,Labeling Error,Resolved,435.0
PRD00068,SupplierD,2023-01-24,Labeling Error,Resolved,414.0
PRD00167,SupplierH,2023-06-10,Other,Resolved,144.0
PRD00435,SupplierB,2023-07-01,Incorrect Folding,Not Resolved,271.25
PRD00674,SupplierH,2023-11-18,Other,Resolved,323.0
PRD00309,SupplierB,2023-10-29,Incorrect Folding,In Progress,260.0
PRD00407,SupplierF,2023-04-25,Packaging Damage,Not Resolved,767.0
PRD00472,SupplierA,2024-06-20,Incorrect Folding,Resolved,186.25
PRD00412,SupplierC,2023-09-14,Missing Items,Resolved,916.0
PRD00184,SupplierF,2024-05-02,Labeling Error,Resolved,283.0
PRD00002,SupplierF,2024-02-18,Other,Resolved,101.0
PRD00424,SupplierB,2023-05-19,Other,In Progress,104.0
PRD00105,SupplierF,2024-04-06,Incorrect Folding,Resolved,373.75
PRD00657,SupplierA,2024-04-10,Other,Resolved,142.0
PRD00304,SupplierF,2024-03-04,Packaging Damage,In Progress,1169.0
PRD00558,SupplierF,2023-05-19,Incorrect Folding,Resolved,362.5
PRD00070,SupplierG,2023-08-09,Incorrect Folding,Resolved,255.0
PRD00627,SupplierH,2023-07-29,Other,Resolved,342.0
PRD00697,SupplierF,2024-05-18,Packaging Damage,In Progress,596.0
PRD00288,SupplierG,2023-06-02,Other,Not Resolved,103.0
PRD00216,SupplierA,2023-02-13,Missing Items,In Progress,435.0
PRD00599,SupplierF,2023-10-13,Labeling Error,Resolved,469.0
PRD00275,SupplierE,2024-05-18,Incorrect Folding,Resolved,270.0
PRD00035,SupplierB,2024-06-28,Incorrect Folding,Resolved,302.5
PRD00162,SupplierE,2023-12-30,Packaging Damage,Resolved,1323.0
PRD00160,SupplierC,2023-04-15,Other,Resolved,287.0
PRD00251,SupplierD,2023-05-04,Incorrect Folding,Resolved,496.25
PRD00330,SupplierA,2023-12-18,Incorrect Folding,Resolved,608.75
PRD00266,SupplierD,2023-02-11,Packaging Damage,In Progress,1507.0
PRD00552,SupplierF,2024-03-04,Labeling Error,In Progress,443.0
PRD00640,SupplierD,2024-04-07,Other,Resolved,253.0
PRD00454,SupplierF,2023-09-29,Incorrect Folding,Resolved,488.75
PRD00327,SupplierF,2024-01-22,Other,Resolved,326.0
PRD00521,SupplierB,2024-06-25,Missing Items,Resolved,689.0
PRD00151,SupplierC,2024-01-29,Incorrect Folding,Resolved,676.25
PRD00567,SupplierA,2023-05-28,Packaging Damage,In Progress,2101.25
PRD00369,SupplierC,2024-04-11,Labeling Error,Resolved,415.0
PRD00086,SupplierB,2024-03-21,Missing Items,Resolved,809.0
PRD00630,SupplierG,2023-01-25,Other,Resolved,299.0
PRD00569,SupplierC,2023-10-28,Incorrect Folding,Not Resolved,310.0
PRD00106,SupplierC,2023-06-05,Other,Resolved,115.0
PRD00076,SupplierC,2023-01-28,Other,Not Resolved,371.0
PRD00577,SupplierF,2023-06-17,Labeling Error,Resolved,281.0
PRD00621,SupplierC,2023-09-05,Labeling Error,Resolved,482.0
PRD00271,SupplierC,2023-05-13,Labeling Error,In Progress,310.0
PRD00038,SupplierC,2023-03-10,Labeling Error,In Progress,102.0
PRD00442,SupplierC,2023-03-29,Packaging Damage,Resolved,1982.0
PRD00595,SupplierG,2023-06-24,Incorrect Folding,Resolved,451.25
PRD00039,SupplierD,2023-12-07,Packaging Damage,Resolved,1705.0
PRD00474,SupplierF,2023-11-08,Labeling Error,Resolved,330.0
PRD00265,SupplierC,2024-02-21,Labeling Error,Resolved,355.0
PRD00558,SupplierB,2023-03-18,Incorrect Folding,Resolved,406.25
PRD00041,SupplierF,2023-03-17,Incorrect Folding,Resolved,360.0
PRD00263,SupplierC,2023-01-12,Incorrect Folding,Resolved,497.5
PRD00694,SupplierC,2023-12-29,Missing Items,Resolved,1337.0
PRD00263,SupplierC,2024-06-07,Incorrect Folding,In Progress,215.0
PRD00352,SupplierC,2023-06-16,Incorrect Folding,Resolved,427.5
PRD00055,SupplierD,2023-07-09,Other,Not Resolved,178.0
PRD00363,SupplierE,2023-12-22,Packaging Damage,Resolved,1456.0
PRD00643,SupplierF,2023-12-28,Other,Resolved,374.0
PRD00261,SupplierG,2023-08-18,Packaging Damage,In Progress,1262.5
PRD00444,SupplierA,2023-04-10,Packaging Damage,In Progress,1843.0
PRD00536,SupplierD,2024-05-17,Other,In Progress,292.0
PRD00333,SupplierF,2024-03-14,Labeling Error,Not Resolved,275.0
PRD00156,SupplierE,2024-03-06,Other,In Progress,316.0
PRD00084,SupplierB,2023-06-15,Labeling Error,Resolved,359.0
PRD00430,SupplierB,2024-06-28,Labeling Error,Resolved,319.0
PRD00436,SupplierA,2024-06-21,Packaging Damage,In Progress,822.0
PRD00326,SupplierB,2024-03-08,Packaging Damage,Resolved,1236.0
PRD00624,SupplierE,2023-02-03,Incorrect Folding,Not Resolved,585.0
PRD00169,SupplierE,2023-07-13,Labeling Error,Resolved,283.0
PRD00434,SupplierD,2024-02-26,Labeling Error,Resolved,389.0
PRD00256,SupplierE,2023-03-02,Other,Resolved,234.0
PRD00449,SupplierB,2023-02-18,Packaging Damage,Resolved,921.0
PRD00501,SupplierA,2024-04-20,Packaging Damage,Resolved,1534.0
PRD00568,SupplierB,2023-11-26,Other,Resolved,188.0
PRD00567,SupplierH,2023-10-03,Packaging Damage,Resolved,1321.25
PRD00001,SupplierC,2024-04-04,Other,Resolved,77.0
PRD00344,SupplierD,2023-09-07,Packaging Damage,Resolved,1836.25
PRD00308,SupplierA,2024-05-26,Other,Not Resolved,293.0
PRD00046,SupplierF,2024-06-17,Transportation Damage,In Progress,1753.0
PRD00558,SupplierC,2023-11-01,Incorrect Folding,In Progress,576.25
PRD00702,SupplierC,2024-03-06,Labeling Error,Resolved,145.0
PRD00216,SupplierF,2023-05-29,Other,Resolved,356.0
PRD00109,SupplierD,2023-12-14,Missing Items,Resolved,457.0
PRD00103,SupplierD,2024-05-26,Other,Not Resolved,313.0
PRD00393,SupplierB,2024-07-10,Other,Not Resolved,107.0
PRD00072,SupplierB,2023-08-08,Labeling Error,Resolved,459.0
PRD00609,SupplierF,2023-06-08,Packaging Damage,In Progress,1891.25
PRD00382,SupplierF,2024-03-30,Packaging Damage,Resolved,1817.5
PRD00013,SupplierB,2023-12-10,Incorrect Folding,Resolved,592.5
PRD00001,SupplierC,2023-01-19,Other,Resolved,244.0
PRD00050,SupplierH,2023-09-30,Labeling Error,In Progress,301.0
PRD00637,SupplierB,2024-02-29,Missing Items,Resolved,1378.0
PRD00319,SupplierC,2023-10-23,Incorrect Folding,In Progress,568.75
PRD00508,SupplierA,2023-09-26,Labeling Error,Resolved,337.0
PRD00539,SupplierC,2023-09-12,Missing Items,In Progress,1103.0
PRD00134,SupplierB,2023-03-30,Other,Resolved,206.0
PRD00622,SupplierC,2024-03-04,Other,Resolved,96.0
PRD00447,SupplierE,2023-08-18,Packaging Damage,Resolved,1924.0
PRD00340,SupplierB,2023-06-19,Incorrect Folding,Resolved,331.25
PRD00249,SupplierD,2023-03-25,Other,Not Resolved,364.0
PRD00524,SupplierB,2024-02-22,Labeling Error,Resolved,175.0
PRD00211,SupplierD,2024-03-26,Other,Resolved,344.0
PRD00017,SupplierB,2023-01-25,Other,Resolved,96.0
PRD00049,SupplierD,2023-03-17,Missing Items,Resolved,839.0
PRD00656,SupplierC,2023-08-05,Labeling Error,Resolved,263.0
PRD00490,SupplierA,2023-12-14,Labeling Error,Resolved,499.0
PRD00151,SupplierF,2023-10-27,Incorrect Folding,Resolved,321.25
PRD00152,SupplierA,2023-02-10,Other,Resolved,284.0
PRD00005,SupplierB,2023-10-12,Labeling Error,Resolved,477.0
PRD00196,SupplierD,2024-03-06,Incorrect Folding,In Progress,642.5
PRD00023,SupplierD,2023-08-01,Incorrect Folding,In Progress,456.25
PRD00677,SupplierC,2023-11-22,Incorrect Folding,Resolved,337.5
PRD00494,SupplierF,2023-07-17,Labeling Error,Resolved,361.0
PRD00119,SupplierH,2023-10-25,Labeling Error,In Progress,124.0
PRD00027,SupplierF,2023-01-08,Incorrect Folding,In Progress,553.75
PRD00496,SupplierG,2023-05-24,Packaging Damage,In Progress,947.0
PRD00086,SupplierD,2023-07-26,Other,In Progress,72.0
PRD00130,SupplierB,2024-02-28,Incorrect Folding,In Progress,583.75
PRD00128,SupplierB,2024-05-24,Labeling Error,Resolved,238.0
PRD00362,SupplierD,2023-08-24,Packaging Damage,Resolved,803.75
PRD00680,SupplierH,2023-06-02,Labeling Error,Resolved,487.0
PRD00317,SupplierB,2023-05-14,Packaging Damage,Resolved,617.0
PRD00509,SupplierE,2023-06-12,Incorrect Folding,Not Resolved,500.0
PRD00022,SupplierC,2024-04-20,Labeling Error,Resolved,252.0
PRD00610,SupplierC,2023-12-12,Packaging Damage,In Progress,1140.0
PRD00268,SupplierF,2024-03-22,Packaging Damage,In Progress,855.0
PRD00676,SupplierB,2023-07-27,Packaging Damage,Resolved,822.0
PRD00301,SupplierE,2024-06-04,Incorrect Folding,Resolved,132.5
PRD00249,SupplierB,2023-10-26,Other,In Progress,278.0
PRD00057,SupplierH,2023-08-27,Labeling Error,Resolved,156.0
PRD00618,SupplierE,2024-06-13,Incorrect Folding,In Progress,571.25
PRD00006,SupplierC,2024-02-08,Incorrect Folding,Resolved,631.25
PRD00624,SupplierF,2024-04-05,Incorrect Folding,Resolved,653.75
PRD00558,SupplierB,2023-09-06,Incorrect Folding,Resolved,241.25
PRD00653,SupplierG,2023-05-07,Missing Items,Not Resolved,710.0
PRD00161,SupplierB,2023-02-26,Other,In Progress,227.0
PRD00092,SupplierH,2024-06-16,Packaging Damage,Resolved,829.0
PRD00023,SupplierC,2023-02-03,Incorrect Folding,Not Resolved,197.5
PRD00288,SupplierB,2023-12-15,Other,Resolved,273.0
PRD00044,SupplierD,2023-11-27,Labeling Error,Not Resolved,231.0
PRD00575,SupplierA,2023-05-22,Incorrect Folding,Resolved,633.75
PRD00554,SupplierB,2024-05-10,Missing Items,Resolved,683.0
PRD00613,SupplierD,2023-08-24,Packaging Damage,Resolved,790.0
PRD00609,SupplierC,2024-01-24,Packaging Damage,Resolved,871.25
PRD00256,SupplierD,2023-04-15,Other,In Progress,363.0
PRD00451,SupplierB,2023-06-15,Incorrect Folding,Resolved,497.5
PRD00062,SupplierG,2024-05-28,Other,Resolved,240.0
PRD00569,SupplierC,2023-06-27,Incorrect Folding,In Progress,706.25
PRD00281,SupplierA,2024-03-30,Labeling Error,Resolved,256.0
PRD00357,SupplierF,2023-09-17,Labeling Error,Resolved,268.0
PRD00091,SupplierB,2024-02-27,Labeling Error,Resolved,386.0
PRD00092,SupplierH,2023-05-28,Packaging Damage,Resolved,1769.0
PRD00481,SupplierF,2023-11-14,Packaging Damage,Resolved,720.0
PRD00673,SupplierC,2023-09-17,Labeling Error,Resolved,231.0
PRD00407,SupplierC,2023-02-08,Packaging Damage,Resolved,1476.0
PRD00378,SupplierF,2023-06-02,Labeling Error,Resolved,158.0
PRD00532,SupplierD,2023-12-07,Packaging Damage,Resolved,1120.0
PRD00360,SupplierA,2023-10-14,Other,In Progress,143.0
PRD00137,SupplierC,2023-11-22,Other,Not Resolved,196.0
PRD00692,SupplierC,2023-09-21,Packaging Damage,In Progress,1198.0
PRD00403,SupplierD,2023-05-19,Other,Not Resolved,396.0
PRD00676,SupplierA,2023-11-06,Packaging Damage,Resolved,1427.0
PRD00555,SupplierD,2024-03-17,Incorrect Folding,Resolved,532.5
PRD00515,SupplierD,2024-06-09,Labeling Error,Resolved,205.0
PRD00382,SupplierF,2023-11-14,Packaging Damage,Resolved,1167.5
PRD00257,SupplierB,2023-10-20,Missing Items,Resolved,827.0
PRD00561,SupplierF,2023-07-18,Packaging Damage,Resolved,517.0
PRD00092,SupplierC,2024-04-22,Packaging Damage,Resolved,1034.0
PRD00561,SupplierF,2024-03-19,Packaging Damage,Not Resolved,1666.0
PRD00545,SupplierC,2023-08-13,Packaging Damage,In Progress,2417.5
PRD00468,SupplierD,2023-06-25,Labeling Error,Resolved,351.0
PRD00342,SupplierD,2024-01-14,Other,Resolved,277.0
PRD00091,SupplierH,2024-04-14,Labeling Error,Resolved,254.0
PRD00457,SupplierF,2024-07-04,Labeling Error,Resolved,284.0
PRD00455,SupplierF,2023-07-23,Labeling Error,Resolved,394.0
PRD00371,SupplierF,2023-08-21,Labeling Error,Resolved,262.0
PRD00274,SupplierE,2024-02-19,Labeling Error,Resolved,217.0
PRD00703,SupplierC,2024-01-14,Other,Not Resolved,392.0
PRD00139,SupplierG,2023-08-26,Other,Resolved,91.0
PRD00194,SupplierF,2023-01-25,Incorrect Folding,Resolved,263.75
PRD00698,SupplierC,2024-06-22,Missing Items,Resolved,1036.0
PRD00444,SupplierA,2024-01-04,Packaging Damage,In Progress,618.0
PRD00647,SupplierA,2024-03-25,Incorrect Folding,In Progress,438.75
PRD00170,SupplierB,2023-02-10,Other,Resolved,113.0
PRD00478,SupplierC,2023-06-05,Other,Resolved,390.0
PRD00311,SupplierD,2023-10-12,Other,Resolved,358.0
PRD00091,SupplierE,2024-02-19,Labeling Error,Resolved,396.0
PRD00114,SupplierF,2024-06-23,Labeling Error,Resolved,442.0
PRD00279,SupplierF,2023-12-27,Packaging Damage,In Progress,1351.0
PRD00203,SupplierD,2024-06-21,Labeling Error,In Progress,424.0
PRD00207,SupplierB,2023-12-30,Labeling Error,Resolved,483.0
PRD00513,SupplierG,2024-02-16,Other,In Progress,272.0
PRD00234,SupplierC,2023-08-17,Other,Resolved,372.0
PRD00089,SupplierB,2023-02-10,Labeling Error,Resolved,475.0
PRD00012,SupplierF,2023-03-31,Incorrect Folding,In Progress,133.75
PRD00546,SupplierA,2024-03-03,Other,In Progress,106.0
PRD00522,SupplierB,2023-10-20,Packaging Damage,Resolved,1583.75
PRD00166,SupplierD,2023-07-08,Labeling Error,Resolved,415.0
PRD00437,SupplierC,2023-12-30,Labeling Error,Resolved,213.0
PRD00661,SupplierB,2024-04-02,Other,Resolved,335.0
PRD00175,SupplierE,2024-02-17,Other,Resolved,278.0
PRD00530,SupplierD,2024-02-02,Labeling Error,Resolved,300.0
PRD00023,SupplierA,2023-12-25,Incorrect Folding,Resolved,303.75
PRD00345,SupplierD,2023-05-16,Incorrect Folding,Not Resolved,373.75
PRD00097,SupplierB,2023-03-28,Other,In Progress,59.0
PRD00281,SupplierD,2023-07-14,Labeling Error,Resolved,244.0
PRD00554,SupplierD,2023-08-30,Missing Items,Resolved,897.0
PRD00492,SupplierC,2024-02-13,Packaging Damage,Resolved,521.0
PRD00643,SupplierC,2024-03-26,Other,Resolved,254.0
PRD00587,SupplierB,2023-08-13,Labeling Error,In Progress,395.0
PRD00111,SupplierA,2024-04-28,Other,Resolved,367.0
PRD00553,SupplierC,2023-03-12,Missing Items,Resolved,765.0
PRD00522,SupplierD,2023-07-15,Packaging Damage,Resolved,1173.75
PRD00460,SupplierB,2023-06-01,Labeling Error,Resolved,348.0
PRD00559,SupplierB,2023-08-10,Other,Resolved,310.0
PRD00563,SupplierC,2023-06-25,Labeling Error,Resolved,343.0
PRD00021,SupplierA,2024-06-25,Packaging Damage,In Progress,1547.0
PRD00459,SupplierA,2023-03-08,Labeling Error,Resolved,168.0
PRD00478,SupplierA,2023-05-22,Missing Items,Resolved,1201.0
PRD00362,SupplierF,2024-04-06,Incorrect Folding,In Progress,345.0
PRD00082,SupplierB,2023-09-25,Other,In Progress,234.0
PRD00616,SupplierF,2023-03-01,Other,In Progress,173.0
PRD00289,SupplierD,2023-09-22,Other,Resolved,125.0
PRD00067,SupplierC,2024-03-22,Incorrect Folding,Not Resolved,326.25
PRD00498,SupplierB,2024-06-11,Labeling Error,Resolved,217.0
PRD00143,SupplierB,2023-03-21,Incorrect Folding,Resolved,283.75
PRD00023,SupplierA,2023-11-07,Incorrect Folding,In Progress,128.75
PRD00297,SupplierH,2023-01-29,Incorrect Folding,Resolved,480.0
PRD00367,SupplierF,2024-01-10,Missing Items,Resolved,709.0
PRD00084,SupplierD,2023-11-02,Labeling Error,In Progress,475.0
PRD00622,SupplierD,2023-09-03,Other,Resolved,282.0
PRD00250,SupplierD,2023-04-18,Labeling Error,Resolved,350.0
PRD00447,SupplierF,2023-06-10,Packaging Damage,Resolved,1337.0
PRD00613,SupplierA,2024-06-07,Packaging Damage,Resolved,1991.0
PRD00402,SupplierD,2023-08-23,Labeling Error,Resolved,434.0
PRD00043,SupplierD,2024-02-19,Labeling Error,In Progress,401.0
PRD00577,SupplierD,2023-04-03,Labeling Error,Resolved,214.0
PRD00568,SupplierC,2023-03-24,Other,Resolved,50.0
PRD00131,SupplierE,2023-03-13,Packaging Damage,Resolved,1295.0
PRD00330,SupplierD,2023-03-04,Incorrect Folding,Resolved,216.25
PRD00275,SupplierC,2023-05-13,Incorrect Folding,Resolved,438.75
PRD00343,SupplierH,2023-07-14,Labeling Error,Resolved,244.0
PRD00447,SupplierD,2023-12-11,Packaging Damage,Not Resolved,1293.0
PRD00206,SupplierD,2023-10-22,Labeling Error,Resolved,133.0
PRD00025,SupplierH,2023-04-09,Packaging Damage,Resolved,2017.5
PRD00333,SupplierC,2023-11-23,Labeling Error,Not Resolved,459.0
PRD00334,SupplierB,2024-06-06,Incorrect Folding,Resolved,310.0
PRD00006,SupplierF,2024-03-15,Incorrect Folding,In Progress,472.5
PRD00063,SupplierD,2024-02-13,Labeling Error,Resolved,165.0
PRD00209,SupplierE,2023-07-17,Labeling Error,Not Resolved,222.0
PRD00674,SupplierH,2023-02-17,Other,Not Resolved,161.0
PRD00434,SupplierC,2024-02-26,Labeling Error,In Progress,361.0
PRD00699,SupplierB,2024-05-24,Incorrect Folding,Resolved,402.5
PRD00288,SupplierA,2023-10-04,Other,Resolved,70.0
PRD00677,SupplierG,2023-12-02,Incorrect Folding,Resolved,701.25
PRD00507,SupplierD,2023-12-18,Labeling Error,In Progress,299.0
PRD00701,SupplierF,2023-05-19,Other,Resolved,316.0
PRD00688,SupplierD,2023-11-19,Other,Resolved,239.0
PRD00695,SupplierA,2023-06-21,Incorrect Folding,Not Resolved,421.25
PRD00642,SupplierB,2023-01-14,Incorrect Folding,Resolved,172.5
PRD00394,SupplierC,2024-02-12,Labeling Error,Resolved,395.0
PRD00339,SupplierB,2023-04-02,Other,Resolved,96.0
PRD00218,SupplierF,2023-04-19,Other,Resolved,353.0
PRD00639,SupplierF,2023-11-22,Other,Resolved,149.0
PRD00395,SupplierH,2023-02-23,Other,Resolved,294.0
PRD00464,SupplierC,2023-09-12,Incorrect Folding,In Progress,173.75
PRD00013,SupplierD,2024-03-20,Incorrect Folding,In Progress,740.0
PRD00088,SupplierC,2024-04-01,Other,Resolved,150.0
PRD00260,SupplierH,2024-02-19,Labeling Error,Resolved,286.0
PRD00379,SupplierE,2024-04-22,Labeling Error,Resolved,206.0
PRD00618,SupplierG,2023-01-04,Incorrect Folding,Resolved,228.75
PRD00202,SupplierC,2023-11-29,Labeling Error,Resolved,376.0
PRD00052,SupplierA,2023-01-17,Labeling Error,Resolved,193.0
PRD00250,SupplierE,2023-01-12,Labeling Error,Resolved,377.0
PRD00565,SupplierB,2024-05-25,Packaging Damage,Resolved,763.0
PRD00387,SupplierB,2024-01-06,Other,Resolved,301.0
PRD00310,SupplierB,2023-11-08,Other,Resolved,312.0
PRD00386,SupplierC,2023-08-14,Labeling Error,Resolved,271.0
PRD00286,SupplierB,2023-04-22,Labeling Error,Not Resolved,421.0
PRD00429,SupplierC,2023-01-24,Other,Resolved,95.0
PRD00294,SupplierG,2024-04-20,Packaging Damage,Resolved,1517.5
PRD00138,SupplierF,2024-06-04,Packaging Damage,Resolved,774.0
PRD00105,SupplierA,2023-07-09,Incorrect Folding,Resolved,268.75
PRD00001,SupplierA,2023-03-16,Packaging Damage,Resolved,873.0
PRD00237,SupplierF,2023-10-11,Missing Items,Resolved,1039.0
PRD00482,SupplierH,2023-07-07,Packaging Damage,Resolved,1620.0
PRD00508,SupplierF,2023-06-23,Labeling Error,Not Resolved,142.0
PRD00241,SupplierD,2024-04-10,Other,In Progress,367.0
PRD00575,SupplierF,2023-05-22,Incorrect Folding,Resolved,586.25
PRD00194,SupplierA,2023-06-14,Incorrect Folding,Resolved,735.0
PRD00248,SupplierB,2024-03-15,Other,In Progress,221.0
PRD00441,SupplierD,2023-03-24,Incorrect Folding,Resolved,603.75
PRD00034,SupplierF,2023-02-05,Incorrect Folding,Resolved,678.75
PRD00239,SupplierD,2023-09-17,Packaging Damage,Resolved,1826.0
PRD00176,SupplierC,2023-05-17,Labeling Error,Not Resolved,127.0
PRD00514,SupplierE,2023-01-24,Labeling Error,Resolved,196.0
PRD00105,SupplierC,2023-09-07,Incorrect Folding,Not Resolved,587.5
PRD00441,SupplierH,2023-12-16,Incorrect Folding,Resolved,312.5
PRD00337,SupplierD,2023-12-30,Labeling Error,In Progress,415.0
PRD00280,SupplierE,2023-06-08,Labeling Error,Resolved,267.0
PRD00637,SupplierB,2023-05-06,Other,Resolved,261.0
PRD00392,SupplierD,2023-02-21,Other,In Progress,142.0
PRD00208,SupplierC,2023-07-09,Other,In Progress,114.0
PRD00677,SupplierB,2023-09-24,Incorrect Folding,Resolved,663.75
PRD00372,SupplierA,2024-02-09,Incorrect Folding,In Progress,532.5
PRD00071,SupplierH,2024-06-28,Labeling Error,Not Resolved,409.0
PRD00324,SupplierF,2023-03-03,Other,Resolved,391.0
PRD00117,SupplierF,2023-11-27,Labeling Error,Resolved,403.0
PRD00149,SupplierD,2024-01-12,Incorrect Folding,Resolved,456.25
PRD00215,SupplierA,2023-09-03,Packaging Damage,Resolved,1771.25
PRD00504,SupplierH,2023-01-21,Labeling Error,Resolved,258.0
PRD00230,SupplierD,2024-02-13,Packaging Damage,Resolved,847.0
PRD00316,SupplierF,2024-02-25,Packaging Damage,Resolved,1929.0
PRD00065,SupplierB,2023-11-15,Other,Resolved,55.0
PRD00056,SupplierF,2024-02-05,Other,Resolved,279.0
PRD00646,SupplierC,2023-06-11,Labeling Error,Resolved,351.0
PRD00452,SupplierH,2023-09-08,Other,Not Resolved,367.0
PRD00573,SupplierB,2023-07-29,Other,In Progress,205.0
PRD00366,SupplierC,2023-07-09,Packaging Damage,Not Resolved,1460.0
PRD00137,SupplierC,2023-01-12,Other,Resolved,151.0
PRD00484,SupplierH,2023-03-27,Transportation Damage,Resolved,1453.0
PRD00376,SupplierE,2023-02-19,Missing Items,Resolved,1042.0
PRD00140,SupplierH,2023-04-21,Packaging Damage,Resolved,1581.0
PRD00051,SupplierC,2023-07-05,Missing Items,In Progress,1142.0
PRD00156,SupplierB,2024-03-17,Other,In Progress,350.0
PRD00586,SupplierD,2024-06-07,Missing Items,Resolved,511.0
PRD00482,SupplierC,2023-06-14,Packaging Damage,In Progress,1066.25
PRD00141,SupplierF,2024-06-05,Other,Resolved,312.0
PRD00514,SupplierD,2023-07-13,Labeling Error,Resolved,270.0
PRD00223,SupplierD,2024-05-10,Labeling Error,Resolved,376.0
PRD00593,SupplierC,2023-10-10,Labeling Error,Resolved,470.0
PRD00079,SupplierE,2023-03-24,Other,Resolved,304.0
PRD00206,SupplierA,2023-01-11,Labeling Error,Resolved,161.0
PRD00422,SupplierB,2023-03-25,Labeling Error,Resolved,206.0
PRD00124,SupplierB,2023-02-20,Incorrect Folding,Not Resolved,640.0
PRD00110,SupplierD,2023-11-07,Labeling Error,Resolved,147.0
PRD00309,SupplierE,2023-09-19,Incorrect Folding,In Progress,611.25
PRD00544,SupplierC,2023-05-14,Packaging Damage,Resolved,1124.0
PRD00117,SupplierA,2024-05-25,Labeling Error,Resolved,183.0
PRD00183,SupplierE,2024-01-09,Missing Items,Resolved,1165.0
PRD00533,SupplierG,2023-09-27,Packaging Damage,Resolved,1418.0
PRD00629,SupplierA,2024-02-01,Labeling Error,Resolved,162.0
PRD00284,SupplierD,2024-04-13,Labeling Error,In Progress,194.0
PRD00037,SupplierB,2023-10-28,Incorrect Folding,Resolved,132.5
PRD00057,SupplierE,2024-01-01,Labeling Error,In Progress,371.0
PRD00519,SupplierC,2024-03-14,Packaging Damage,Resolved,1702.5
PRD00006,SupplierD,2024-01-10,Incorrect Folding,Resolved,332.5
PRD00237,SupplierE,2023-01-13,Other,Resolved,138.0
PRD00222,SupplierD,2023-11-29,Incorrect Folding,Resolved,658.75
PRD00422,SupplierF,2023-05-17,Labeling Error,Resolved,498.0
PRD00105,SupplierD,2024-02-16,Incorrect Folding,Resolved,161.25
PRD00587,SupplierC,2023-07-17,Labeling Error,Resolved,196.0
PRD00533,SupplierG,2024-01-16,Packaging Damage,Resolved,1723.0
PRD00621,SupplierC,2023-09-01,Labeling Error,Resolved,168.0
PRD00172,SupplierH,2023-01-31,Labeling Error,Resolved,283.0
PRD00525,SupplierH,2023-12-10,Labeling Error,Resolved,350.0
PRD00396,SupplierF,2023-02-18,Incorrect Folding,Resolved,330.0
PRD00022,SupplierF,2024-03-07,Labeling Error,Resolved,140.0
PRD00448,SupplierB,2023-02-19,Incorrect Folding,Resolved,626.25
PRD00153,SupplierB,2023-08-18,Labeling Error,Resolved,276.0
PRD00054,SupplierB,2023-02-13,Labeling Error,Resolved,250.0
PRD00223,SupplierC,2024-06-14,Labeling Error,Resolved,343.0
PRD00423,SupplierF,2023-05-07,Labeling Error,Resolved,131.0
PRD00599,SupplierF,2023-07-08,Labeling Error,In Progress,286.0
PRD00688,SupplierD,2024-03-21,Other,In Progress,301.0
PRD00046,SupplierA,2024-06-10,Packaging Damage,Resolved,1194.0
PRD00631,SupplierC,2023-09-01,Packaging Damage,Resolved,1031.0
PRD00523,SupplierF,2024-06-08,Product Wrinkled,In Progress,460.0
PRD00694,SupplierC,2024-01-11,Other,Resolved,146.0
PRD00240,SupplierA,2024-05-16,Labeling Error,Resolved,100.0
PRD00512,SupplierD,2024-05-01,Packaging Damage,Resolved,1714.0
PRD00345,SupplierC,2024-06-28,Incorrect Folding,Resolved,133.75
PRD00158,SupplierF,2023-12-17,Packaging Damage,Resolved,532.0
PRD00002,SupplierB,2023-12-06,Missing Items,Resolved,882.0
PRD00019,SupplierB,2023-06-07,Other,Resolved,148.0
PRD00020,SupplierC,2024-04-19,Other,Resolved,344.0
PRD00413,SupplierB,2023-11-25,Other,Resolved,340.0
PRD00449,SupplierA,2023-08-21,Other,Resolved,361.0
PRD00322,SupplierF,2023-03-11,Packaging Damage,Resolved,1487.0
PRD00224,SupplierF,2023-09-03,Transportation Damage,Not Resolved,452.0
PRD00618,SupplierF,2024-04-08,Incorrect Folding,Resolved,576.25
PRD00619,SupplierC,2023-05-10,Labeling Error,In Progress,462.0
PRD00633,SupplierC,2023-06-20,Other,Resolved,314.0
PRD00480,SupplierD,2023-12-05,Other,Resolved,268.0
PRD00640,SupplierC,2023-02-24,Other,Not Resolved,212.0
PRD00291,SupplierD,2024-07-04,Labeling Error,Resolved,189.0
PRD00590,SupplierD,2023-01-25,Labeling Error,Resolved,459.0
PRD00289,SupplierE,2023-04-15,Other,Resolved,130.0
PRD00366,SupplierC,2024-01-21,Packaging Damage,Resolved,1208.0
PRD00673,SupplierB,2024-02-09,Labeling Error,Resolved,287.0
PRD00057,SupplierB,2024-06-07,Labeling Error,Resolved,443.0
PRD00047,SupplierD,2024-02-02,Missing Items,Resolved,1186.0
PRD00333,SupplierD,2023-05-17,Labeling Error,Resolved,420.0
PRD00467,SupplierB,2024-01-19,Missing Items,Resolved,374.0
PRD00066,SupplierF,2023-09-01,Incorrect Folding,Resolved,328.75
PRD00087,SupplierC,2023-05-17,Incorrect Folding,Resolved,566.25
PRD00543,SupplierA,2024-07-06,Incorrect Folding,Not Resolved,458.75
PRD00402,SupplierC,2023-11-01,Labeling Error,Resolved,170.0
PRD00263,SupplierB,2023-04-11,Incorrect Folding,Not Resolved,468.75
PRD00285,SupplierF,2023-03-14,Missing Items,Resolved,558.0
PRD00231,SupplierF,2023-07-25,Labeling Error,Resolved,334.0
PRD00328,SupplierH,2023-02-10,Packaging Damage,In Progress,648.0
PRD00335,SupplierF,2023-02-05,Labeling Error,Resolved,221.0
PRD00548,SupplierB,2024-04-07,Incorrect Folding,Resolved,195.0
PRD00472,SupplierB,2024-02-14,Incorrect Folding,In Progress,527.5
PRD00634,SupplierD,2023-06-06,Missing Items,Resolved,319.0
PRD00081,SupplierG,2024-03-15,Labeling Error,In Progress,121.0
PRD00146,SupplierF,2023-05-24,Labeling Error,Resolved,183.0
PRD00551,SupplierH,2024-05-28,Other,In Progress,283.0
PRD00628,SupplierD,2023-11-11,Other,Resolved,167.0
PRD00585,SupplierF,2024-01-15,Packaging Damage,In Progress,558.0
PRD00371,SupplierD,2024-02-25,Labeling Error,Resolved,346.0
PRD00678,SupplierB,2023-03-16,Other,In Progress,190.0
PRD00496,SupplierA,2023-01-14,Packaging Damage,Resolved,821.0
PRD00702,SupplierC,2023-10-19,Labeling Error,Resolved,365.0
PRD00528,SupplierB,2024-04-15,Other,Resolved,376.0
PRD00264,SupplierH,2023-11-16,Packaging Damage,Resolved,1111.0
PRD00467,SupplierC,2024-06-05,Other,Resolved,347.0
PRD00128,SupplierD,2024-02-11,Labeling Error,Resolved,232.0
PRD00668,SupplierA,2023-07-27,Labeling Error,Resolved,301.0
PRD00472,SupplierD,2023-06-16,Incorrect Folding,Resolved,375.0
PRD00530,SupplierD,2023-12-24,Labeling Error,Resolved,168.0
PRD00699,SupplierA,2023-03-05,Incorrect Folding,Not Resolved,276.25
PRD00399,SupplierH,2024-06-17,Other,Resolved,386.0
PRD00197,SupplierB,2024-04-16,Packaging Damage,Resolved,775.0
PRD00363,SupplierE,2023-09-06,Packaging Damage,Resolved,916.0
PRD00454,SupplierB,2023-05-09,Incorrect Folding,Resolved,541.25
PRD00205,SupplierH,2024-05-31,Other,In Progress,184.0
PRD00367,SupplierE,2023-05-02,Other,In Progress,135.0
PRD00078,SupplierF,2023-04-06,Labeling Error,Resolved,332.0
PRD00129,SupplierC,2023-06-07,Labeling Error,In Progress,444.0
PRD00590,SupplierB,2023-10-02,Labeling Error,Resolved,378.0
PRD00197,SupplierD,2023-03-23,Packaging Damage,Resolved,887.5
PRD00120,SupplierC,2023-12-02,Other,Resolved,102.0
PRD00473,SupplierC,2023-11-10,Labeling Error,Resolved,439.0
PRD00247,SupplierC,2024-05-30,Packaging Damage,Resolved,1141.0
PRD00389,SupplierD,2024-03-24,Incorrect Folding,Resolved,188.75
PRD00659,SupplierH,2023-04-03,Transportation Damage,Resolved,1220.0
PRD00306,SupplierC,2023-06-22,Packaging Damage,Resolved,1858.75
PRD00704,SupplierD,2024-06-16,Labeling Error,Resolved,271.0
PRD00128,SupplierB,2023-06-03,Labeling Error,Resolved,493.0
PRD00204,SupplierE,2024-06-26,Labeling Error,Resolved,418.0
PRD00398,SupplierH,2023-02-28,Other,Resolved,335.0
PRD00322,SupplierC,2023-07-02,Packaging Damage,Resolved,880.0
PRD00671,SupplierB,2024-05-15,Incorrect Folding,Resolved,558.75
PRD00427,SupplierD,2024-01-23,Packaging Damage,Resolved,852.0
PRD00171,SupplierF,2024-02-23,Packaging Damage,Resolved,1879.0
PRD00060,SupplierH,2023-02-06,Missing Items,Resolved,1383.0
PRD00187,SupplierA,2024-07-02,Labeling Error,Resolved,350.0
PRD00633,SupplierA,2023-04-27,Other,In Progress,162.0
PRD00609,SupplierB,2023-02-23,Product Wrinkled,Resolved,261.25
PRD00519,SupplierA,2023-04-07,Packaging Damage,In Progress,1153.75
PRD00106,SupplierF,2023-02-04,Other,Resolved,347.0
PRD00178,SupplierA,2024-06-02,Packaging Damage,In Progress,1208.0
PRD00585,SupplierB,2023-07-19,Other,Not Resolved,370.0
PRD00441,SupplierH,2023-01-26,Incorrect Folding,Resolved,531.25
PRD00457,SupplierD,2023-01-15,Labeling Error,Resolved,298.0
PRD00007,SupplierC,2024-03-04,Labeling Error,Resolved,399.0
PRD00245,SupplierF,2023-05-24,Labeling Error,Not Resolved,414.0
PRD00082,SupplierC,2024-07-02,Packaging Damage,Resolved,1647.0
PRD00442,SupplierA,2024-06-09,Other,In Progress,353.0
PRD00140,SupplierF,2024-05-06,Other,Resolved,85.0
PRD00080,SupplierH,2023-05-28,Labeling Error,Resolved,484.0
PRD00693,SupplierF,2023-05-08,Transportation Damage,In Progress,962.0
PRD00605,SupplierE,2024-03-31,Labeling Error,Not Resolved,380.0
PRD00642,SupplierC,2023-12-01,Incorrect Folding,Resolved,393.75
PRD00184,SupplierA,2024-04-25,Labeling Error,Resolved,452.0
PRD00382,SupplierC,2023-03-03,Packaging Damage,Resolved,810.0
PRD00355,SupplierA,2023-11-21,Labeling Error,Resolved,336.0
PRD00046,SupplierF,2024-03-11,Packaging Damage,Resolved,510.0
PRD00110,SupplierB,2023-05-20,Labeling Error,Resolved,363.0
PRD00513,SupplierA,2023-08-01,Missing Items,Resolved,513.0
PRD00537,SupplierC,2023-02-20,Labeling Error,Not Resolved,114.0
PRD00528,SupplierA,2023-11-01,Other,Resolved,102.0
PRD00692,SupplierF,2023-07-20,Packaging Damage,Not Resolved,562.0
PRD00682,SupplierC,2023-12-31,Other,In Progress,166.0
PRD00126,SupplierB,2023-10-12,Other,Resolved,329.0
PRD00529,SupplierF,2024-02-06,Incorrect Folding,Resolved,666.25
PRD00211,SupplierA,2023-11-25,Missing Items,Resolved,650.0
PRD00585,SupplierD,2023-10-22,Other,In Progress,329.0
PRD00027,SupplierC,2024-04-04,Incorrect Folding,In Progress,403.75
PRD00331,SupplierB,2023-03-09,Packaging Damage,Not Resolved,752.5
PRD00115,SupplierC,2024-01-23,Packaging Damage,Not Resolved,1838.0
PRD00701,SupplierC,2023-07-20,Missing Items,Resolved,384.0
PRD00442,SupplierC,2023-07-01,Packaging Damage,Resolved,1841.0
PRD00225,SupplierB,2023-03-27,Other,In Progress,312.0
PRD00019,SupplierA,2023-10-05,Other,In Progress,174.0
PRD00033,SupplierB,2024-02-22,Incorrect Folding,Resolved,653.75
PRD00627,SupplierD,2023-01-17,Other,Not Resolved,348.0
PRD00100,SupplierF,2023-06-06,Labeling Error,Resolved,357.0
PRD00457,SupplierF,2024-04-29,Labeling Error,Resolved,260.0
PRD00354,SupplierB,2024-03-03,Labeling Error,In Progress,450.0
PRD00572,SupplierH,2023-02-05,Labeling Error,Resolved,322.0
PRD00524,SupplierA,2023-04-04,Labeling Error,Not Resolved,318.0
PRD00359,SupplierD,2024-02-27,Missing Items,Resolved,578.0
PRD00085,SupplierA,2024-04-18,Other,Resolved,344.0
PRD00183,SupplierC,2024-04-25,Other,Resolved,177.0
PRD00251,SupplierE,2024-04-11,Incorrect Folding,In Progress,308.75
PRD00106,SupplierA,2023-02-24,Missing Items,Resolved,507.0
PRD00605,SupplierF,2024-06-20,Labeling Error,In Progress,126.0
PRD00366,SupplierA,2023-03-18,Packaging Damage,In Progress,1400.0
PRD00390,SupplierC,2024-03-16,Incorrect Folding,Resolved,372.5
PRD00519,SupplierB,2024-02-22,Packaging Damage,Resolved,1715.0
PRD00591,SupplierE,2023-07-16,Labeling Error,Resolved,480.0
PRD00478,SupplierC,2024-04-15,Other,Resolved,315.0
PRD00222,SupplierF,2023-03-13,Incorrect Folding,Resolved,472.5
PRD00644,SupplierD,2023-10-29,Other,In Progress,202.0
PRD00415,SupplierF,2023-09-05,Packaging Damage,Resolved,541.0
PRD00340,SupplierE,2023-04-16,Incorrect Folding,In Progress,270.0
PRD00457,SupplierA,2023-11-10,Labeling Error,Resolved,494.0
PRD00228,SupplierB,2023-07-16,Other,In Progress,320.0
PRD00177,SupplierA,2023-02-04,Packaging Damage,In Progress,1300.0
PRD00318,SupplierE,2023-09-27,Labeling Error,Resolved,256.0
PRD00181,SupplierB,2024-01-12,Incorrect Folding,Resolved,153.75
PRD00365,SupplierH,2023-01-21,Other,Resolved,352.0
PRD00649,SupplierC,2023-07-20,Labeling Error,In Progress,128.0
PRD00253,SupplierD,2023-09-23,Labeling Error,Resolved,105.0
PRD00138,SupplierH,2023-11-07,Packaging Damage,In Progress,766.0
PRD00122,SupplierD,2024-02-01,Labeling Error,Resolved,336.0
PRD00364,SupplierB,2023-09-15,Incorrect Folding,Resolved,460.0
PRD00386,SupplierF,2023-06-03,Labeling Error,Resolved,428.0
PRD00330,SupplierB,2023-08-24,Incorrect Folding,Resolved,591.25
PRD00470,SupplierC,2023-01-10,Other,Resolved,76.0
PRD00197,SupplierD,2023-02-16,Incorrect Folding,Resolved,621.25
PRD00608,SupplierB,2023-09-08,Incorrect Folding,Resolved,347.5
PRD00643,SupplierH,2024-03-09,Missing Items,Resolved,1137.0
PRD00452,SupplierC,2023-07-13,Missing Items,Resolved,792.0
PRD00651,SupplierE,2023-09-19,Labeling Error,Resolved,167.0
PRD00434,SupplierB,2023-12-29,Labeling Error,In Progress,181.0
PRD00131,SupplierC,2023-09-20,Packaging Damage,Resolved,1651.0
PRD00535,SupplierD,2023-01-13,Other,Resolved,111.0
PRD00353,SupplierC,2023-02-04,Packaging Damage,Resolved,1004.0
PRD00175,SupplierE,2024-01-02,Other,Resolved,397.0
PRD00386,SupplierF,2024-01-10,Labeling Error,Resolved,118.0
PRD00007,SupplierG,2023-01-16,Labeling Error,Resolved,429.0
PRD00616,SupplierE,2023-07-23,Other,Not Resolved,98.0
PRD00156,SupplierE,2023-07-10,Missing Items,Resolved,1076.0
PRD00063,SupplierD,2023-01-24,Labeling Error,Resolved,251.0
PRD00147,SupplierA,2024-05-09,Other,In Progress,276.0
PRD00279,SupplierH,2023-08-17,Packaging Damage,In Progress,1119.0
PRD00634,SupplierA,2024-04-19,Other,In Progress,128.0
PRD00158,SupplierC,2024-05-12,Other,Resolved,169.0
PRD00687,SupplierE,2024-04-16,Missing Items,Resolved,957.0
PRD00140,SupplierE,2023-12-14,Packaging Damage,Resolved,1624.0
PRD00375,SupplierE,2023-03-30,Labeling Error,Resolved,460.0
PRD00355,SupplierC,2023-08-31,Labeling Error,Resolved,352.0
PRD00584,SupplierC,2023-04-14,Other,Resolved,244.0
PRD00579,SupplierB,2023-05-10,Other,Not Resolved,195.0
PRD00160,SupplierH,2024-05-26,Other,Resolved,116.0
PRD00033,SupplierB,2023-08-05,Incorrect Folding,Resolved,146.25
PRD00088,SupplierE,2023-12-13,Other,Resolved,212.0
PRD00039,SupplierC,2023-04-04,Packaging Damage,Resolved,599.0
PRD00338,SupplierA,2024-01-04,Packaging Damage,Resolved,716.0
PRD00456,SupplierH,2023-12-02,Missing Items,Resolved,1191.0
PRD00096,SupplierF,2023-04-21,Other,In Progress,334.0
PRD00472,SupplierD,2023-09-14,Incorrect Folding,Resolved,305.0
PRD00241,SupplierB,2023-09-05,Other,Not Resolved,334.0
PRD00700,SupplierC,2024-03-27,Other,In Progress,121.0
PRD00433,SupplierE,2023-09-24,Other,Resolved,327.0
PRD00518,SupplierC,2024-06-29,Labeling Error,In Progress,364.0
PRD00012,SupplierF,2023-06-02,Incorrect Folding,Resolved,168.75
PRD00033,SupplierA,2023-06-06,Incorrect Folding,Resolved,226.25
PRD00585,SupplierG,2023-09-24,Packaging Damage,Resolved,853.0
PRD00016,SupplierC,2023-07-18,Labeling Error,Resolved,308.0
PRD00309,SupplierE,2023-08-04,Incorrect Folding,Resolved,658.75
PRD00649,SupplierD,2023-03-06,Labeling Error,Resolved,356.0
PRD00129,SupplierD,2023-11-30,Labeling Error,Resolved,497.0
PRD00374,SupplierA,2023-03-22,Packaging Damage,Resolved,598.0
PRD00365,SupplierC,2024-03-17,Other,Resolved,228.0
PRD00338,SupplierD,2024-07-01,Packaging Damage,In Progress,1039.0
PRD00551,SupplierF,2024-02-02,Missing Items,Resolved,1297.0
PRD00441,SupplierB,2023-10-09,Incorrect Folding,Resolved,177.5
PRD00428,SupplierF,2024-01-16,Labeling Error,Resolved,381.0
PRD00415,SupplierA,2024-01-03,Packaging Damage,Resolved,1055.0
PRD00435,SupplierF,2023-12-08,Incorrect Folding,Resolved,221.25
PRD00479,SupplierD,2023-11-10,Other,Not Resolved,162.0
PRD00360,SupplierF,2023-08-06,Other,Resolved,350.0
PRD00637,SupplierB,2023-10-27,Other,Resolved,227.0
PRD00311,SupplierB,2024-01-08,Other,Resolved,393.0
PRD00279,SupplierC,2024-03-27,Packaging Damage,Resolved,1437.0
PRD00236,SupplierE,2024-03-09,Other,In Progress,371.0
PRD00005,SupplierD,2023-02-19,Labeling Error,Resolved,199.0
PRD00268,SupplierE,2023-01-24,Packaging Damage,In Progress,1915.0
PRD00151,SupplierF,2024-06-11,Incorrect Folding,Resolved,401.25
PRD00375,SupplierF,2024-06-09,Labeling Error,Resolved,389.0
PRD00447,SupplierA,2023-09-08,Packaging Damage,Resolved,1174.0
PRD00442,SupplierE,2023-12-15,Packaging Damage,Resolved,1137.0
PRD00248,SupplierH,2023-01-21,Other,Resolved,264.0
PRD00670,SupplierB,2024-06-05,Missing Items,Resolved,871.0
PRD00389,SupplierA,2023-12-12,Incorrect Folding,Resolved,718.75
PRD00346,SupplierF,2024-01-04,Packaging Damage,Resolved,952.0
PRD00404,SupplierA,2023-06-30,Labeling Error,In Progress,429.0
PRD00164,SupplierE,2023-07-31,Other,Resolved,268.0
PRD00556,SupplierB,2023-11-02,Packaging Damage,Resolved,1410.0
PRD00058,SupplierB,2024-02-11,Labeling Error,Resolved,361.0
PRD00143,SupplierH,2023-05-21,Incorrect Folding,Resolved,400.0
PRD00256,SupplierC,2024-05-18,Other,Not Resolved,105.0
PRD00360,SupplierB,2023-06-29,Other,In Progress,307.0
PRD00537,SupplierB,2024-06-18,Labeling Error,Not Resolved,258.0
PRD00063,SupplierA,2024-04-22,Labeling Error,In Progress,176.0
PRD00668,SupplierB,2023-06-11,Labeling Error,Not Resolved,191.0
PRD00546,SupplierD,2023-07-10,Packaging Damage,Resolved,1084.0
PRD00667,SupplierA,2023-10-24,Other,Resolved,94.0
PRD00050,SupplierA,2023-08-18,Labeling Error,Resolved,482.0
PRD00117,SupplierA,2023-08-28,Labeling Error,In Progress,436.0
PRD00594,SupplierF,2024-03-11,Other,Resolved,309.0
PRD00086,SupplierB,2024-05-29,Other,Resolved,391.0
PRD00331,SupplierA,2023-02-10,Incorrect Folding,Resolved,425.0
PRD00535,SupplierB,2024-02-24,Other,In Progress,343.0
PRD00695,SupplierE,2023-04-07,Incorrect Folding,Resolved,590.0
PRD00451,SupplierB,2024-03-24,Incorrect Folding,Resolved,691.25
PRD00261,SupplierD,2023-08-30,Packaging Damage,Resolved,1112.5
PRD00431,SupplierA,2024-04-05,Labeling Error,Resolved,163.0
PRD00180,SupplierB,2023-07-13,Incorrect Folding,Resolved,637.5
PRD00507,SupplierF,2023-09-05,Labeling Error,Resolved,273.0
PRD00561,SupplierB,2023-03-04,Packaging Damage,Resolved,999.0
PRD00572,SupplierB,2023-08-23,Labeling Error,Resolved,133.0
PRD00531,SupplierA,2024-06-08,Incorrect Folding,Resolved,303.75
PRD00410,SupplierA,2023-09-09,Labeling Error,In Progress,359.0
PRD00387,SupplierB,2023-02-21,Other,Resolved,275.0
PRD00375,SupplierC,2023-01-20,Labeling Error,Resolved,479.0
PRD00337,SupplierE,2023-12-18,Labeling Error,Not Resolved,421.0
PRD00559,SupplierA,2023-05-10,Packaging Damage,Resolved,1432.0
PRD00262,SupplierA,2023-08-12,Packaging Damage,Resolved,1432.5
PRD00301,SupplierA,2023-02-03,Incorrect Folding,Not Resolved,523.75
PRD00229,SupplierD,2023-10-29,Labeling Error,Resolved,331.0
PRD00157,SupplierB,2023-12-16,Packaging Damage,Resolved,1931.0
PRD00238,SupplierG,2024-03-31,Labeling Error,Resolved,431.0
PRD00288,SupplierA,2023-08-21,Other,In Progress,359.0
PRD00112,SupplierB,2024-06-10,Labeling Error,Resolved,109.0
PRD00041,SupplierB,2023-09-27,Incorrect Folding,Resolved,477.5
PRD00139,SupplierF,2023-10-04,Packaging Damage,Resolved,1951.0
PRD00367,SupplierC,2023-03-31,Missing Items,In Progress,481.0
PRD00020,SupplierA,2024-01-18,Other,Resolved,244.0
PRD00340,SupplierA,2023-04-06,Incorrect Folding,In Progress,543.75
PRD00466,SupplierG,2024-07-01,Packaging Damage,Resolved,653.0
PRD00255,SupplierC,2024-04-17,Labeling Error,Resolved,291.0
PRD00516,SupplierF,2024-03-23,Labeling Error,Not Resolved,355.0
PRD00584,SupplierD,2024-03-11,Missing Items,Resolved,1052.0
PRD00613,SupplierC,2023-06-25,Packaging Damage,Resolved,952.0
PRD00327,SupplierA,2024-04-05,Other,In Progress,278.0
PRD00284,SupplierC,2023-05-04,Labeling Error,Resolved,276.0
PRD00341,SupplierD,2023-04-02,Other,Resolved,218.0
PRD00028,SupplierG,2023-04-09,Incorrect Folding,Resolved,455.0
PRD00148,SupplierF,2024-02-25,Missing Items,In Progress,883.0
PRD00038,SupplierC,2023-05-22,Labeling Error,Resolved,346.0
PRD00565,SupplierC,2023-09-21,Packaging Damage,Resolved,577.0
PRD00467,SupplierA,2023-11-30,Other,Resolved,369.0
PRD00367,SupplierB,2023-02-27,Other,Resolved,55.0
PRD00038,SupplierB,2024-05-06,Labeling Error,In Progress,253.0
PRD00264,SupplierB,2023-12-23,Packaging Damage,Resolved,1442.0
PRD00376,SupplierF,2024-01-14,Other,Not Resolved,247.0
PRD00038,SupplierC,2023-06-09,Labeling Error,Resolved,298.0
PRD00691,SupplierB,2024-07-13,Incorrect Folding,Resolved,635.0
PRD00492,SupplierF,2024-06-28,Packaging Damage,Not Resolved,988.0
PRD00452,SupplierH,2023-01-19,Other,Resolved,256.0
PRD00595,SupplierA,2023-04-12,Incorrect Folding,Not Resolved,436.25
PRD00141,SupplierE,2023-01-21,Missing Items,Resolved,751.0
PRD00169,SupplierA,2023-06-13,Labeling Error,Resolved,332.0
PRD00420,SupplierD,2023-10-25,Other,Resolved,362.0
PRD00483,SupplierA,2023-11-10,Other,Not Resolved,394.0
PRD00477,SupplierA,2023-02-03,Labeling Error,Resolved,143.0
PRD00424,SupplierE,2024-04-29,Other,Not Resolved,179.0
PRD00660,SupplierA,2024-04-23,Other,Resolved,308.0
PRD00330,SupplierB,2023-07-27,Incorrect Folding,Resolved,296.25
PRD00651,SupplierD,2023-07-23,Labeling Error,Resolved,416.0
PRD00397,SupplierA,2023-03-02,Labeling Error,Resolved,113.0
PRD00610,SupplierA,2023-12-09,Incorrect Folding,Resolved,228.75
PRD00571,SupplierA,2024-03-07,Other,Resolved,359.0
PRD00654,SupplierA,2024-02-26,Other,Resolved,101.0
PRD00561,SupplierC,2024-02-08,Packaging Damage,Not Resolved,876.0
PRD00072,SupplierA,2024-03-09,Labeling Error,In Progress,265.0
PRD00008,SupplierA,2024-02-07,Labeling Error,Resolved,146.0
PRD00385,SupplierA,2023-04-12,Incorrect Folding,Resolved,227.5
PRD00467,SupplierE,2024-06-02,Other,Not Resolved,194.0
PRD00179,SupplierB,2024-06-29,Missing Items,Not Resolved,479.0
PRD00079,SupplierB,2023-08-26,Other,Resolved,382.0
PRD00081,SupplierA,2023-04-19,Labeling Error,Resolved,431.0
PRD00636,SupplierC,2023-08-23,Packaging Damage,Resolved,1398.0
PRD00393,SupplierA,2023-02-18,Other,Resolved,280.0
PRD00633,SupplierB,2024-06-13,Other,Not Resolved,77.0
PRD00076,SupplierE,2023-07-12,Packaging Damage,Resolved,673.0
PRD00061,SupplierA,2024-03-02,Other,In Progress,354.0
PRD00054,SupplierB,2023-03-03,Labeling Error,Resolved,469.0
PRD00004,SupplierC,2023-02-14,Other,Resolved,238.0
PRD00496,SupplierB,2023-09-07,Other,In Progress,213.0
PRD00516,SupplierG,2023-04-30,Labeling Error,Resolved,472.0
PRD00178,SupplierB,2023-04-04,Packaging Damage,Resolved,1212.0
PRD00219,SupplierC,2023-05-15,Packaging Damage,Resolved,679.0
PRD00149,SupplierB,2023-09-24,Incorrect Folding,Resolved,227.5
PRD00377,SupplierB,2023-12-18,Labeling Error,Resolved,274.0
PRD00317,SupplierE,2024-06-14,Packaging Damage,Resolved,1975.0
PRD00661,SupplierA,2023-10-03,Other,Resolved,238.0
PRD00622,SupplierC,2023-02-17,Other,Resolved,247.0
PRD00289,SupplierA,2023-04-13,Other,Resolved,396.0
PRD00106,SupplierA,2023-04-08,Missing Items,Resolved,649.0
PRD00590,SupplierC,2023-02-13,Labeling Error,Resolved,198.0
PRD00535,SupplierA,2023-02-01,Other,Resolved,128.0
PRD00607,SupplierB,2024-05-11,Other,In Progress,394.0
PRD00325,SupplierB,2023-07-11,Other,Resolved,349.0
PRD00527,SupplierC,2023-08-12,Other,Resolved,332.0
PRD00534,SupplierC,2023-09-03,Missing Items,In Progress,1216.0
PRD00012,SupplierA,2024-02-13,Incorrect Folding,Resolved,248.75
PRD00571,SupplierE,2024-05-04,Other,Resolved,152.0
PRD00617,SupplierA,2024-03-21,Incorrect Folding,Resolved,486.25
PRD00150,SupplierB,2024-07-02,Other,Resolved,350.0
PRD00457,SupplierB,2023-01-23,Labeling Error,Resolved,256.0
PRD00303,SupplierA,2023-09-18,Other,Resolved,282.0
PRD00571,SupplierH,2024-05-01,Other,Resolved,177.0
PRD00089,SupplierC,2023-08-11,Labeling Error,Not Resolved,254.0
PRD00102,SupplierA,2023-03-05,Other,Not Resolved,175.0
PRD00411,SupplierC,2023-04-02,Other,In Progress,309.0
PRD00299,SupplierA,2024-02-19,Other,In Progress,281.0
PRD00114,SupplierB,2023-07-05,Labeling Error,In Progress,111.0
PRD00353,SupplierA,2023-03-20,Packaging Damage,Resolved,751.0
PRD00635,SupplierA,2024-01-16,Labeling Error,Resolved,375.0
PRD00300,SupplierA,2023-06-25,Labeling Error,Resolved,477.0
PRD00186,SupplierA,2023-11-07,Packaging Damage,Not Resolved,1798.0
PRD00516,SupplierF,2023-02-11,Labeling Error,Resolved,279.0
PRD00291,SupplierA,2024-01-29,Labeling Error,Resolved,114.0
PRD00100,SupplierC,2023-04-08,Labeling Error,In Progress,185.0
PRD00007,SupplierB,2024-02-16,Labeling Error,Not Resolved,381.0
PRD00309,SupplierC,2023-02-12,Incorrect Folding,Resolved,152.5
PRD00270,SupplierB,2023-05-24,Other,Resolved,208.0
PRD00189,SupplierA,2024-02-20,Other,In Progress,87.0
PRD00634,SupplierC,2023-08-09,Other,In Progress,154.0
PRD00124,SupplierD,2023-11-13,Incorrect Folding,Resolved,686.25
PRD00413,SupplierA,2023-09-27,Other,Not Resolved,219.0
PRD00212,SupplierA,2024-07-02,Packaging Damage,Resolved,908.0
PRD00204,SupplierA,2023-05-29,Labeling Error,In Progress,420.0
PRD00381,SupplierA,2023-08-14,Labeling Error,Resolved,344.0
PRD00701,SupplierA,2024-02-04,Other,Not Resolved,272.0
PRD00172,SupplierE,2024-06-16,Labeling Error,Resolved,488.0
PRD00499,SupplierE,2023-11-25,Packaging Damage,In Progress,1313.0
PRD00152,SupplierG,2023-01-10,Missing Items,Resolved,1396.0
PRD00239,SupplierB,2024-02-18,Packaging Damage,In Progress,1969.0
PRD00460,SupplierC,2024-06-27,Labeling Error,In Progress,179.0
PRD00151,SupplierE,2023-03-06,Incorrect Folding,Resolved,288.75
PRD00553,SupplierF,2023-04-17,Other,Resolved,214.0
PRD00217,SupplierD,2023-09-27,Missing Items,Resolved,1316.0
PRD00210,SupplierE,2023-04-26,Labeling Error,Resolved,413.0
PRD00304,SupplierA,2023-05-21,Packaging Damage,Resolved,802.0
PRD00421,SupplierG,2024-02-21,Labeling Error,In Progress,139.0
PRD00155,SupplierA,2023-05-24,Packaging Damage,Resolved,718.0
PRD00206,SupplierD,2023-04-22,Labeling Error,Resolved,469.0
PRD00105,SupplierB,2024-06-24,Incorrect Folding,Resolved,285.0
PRD00633,SupplierA,2024-06-20,Other,Not Resolved,75.0
PRD00411,SupplierB,2023-02-26,Other,Resolved,389.0
PRD00692,SupplierD,2023-12-11,Packaging Damage,Not Resolved,522.0
PRD00459,SupplierB,2023-05-12,Labeling Error,Resolved,111.0
PRD00150,SupplierE,2023-02-10,Other,Resolved,111.0
PRD00107,SupplierD,2024-05-28,Packaging Damage,Resolved,977.0
PRD00176,SupplierA,2023-09-30,Labeling Error,Resolved,237.0
PRD00017,SupplierH,2024-02-13,Missing Items,In Progress,916.0
PRD00519,SupplierA,2023-03-23,Packaging Damage,Resolved,1786.25
PRD00687,SupplierA,2023-03-18,Other,Not Resolved,274.0
PRD00151,SupplierB,2024-04-02,Incorrect Folding,Resolved,232.5
PRD00104,SupplierA,2023-03-16,Other,In Progress,264.0
PRD00415,SupplierA,2023-11-06,Packaging Damage,Not Resolved,1717.0
PRD00140,SupplierA,2024-05-05,Other,Resolved,221.0
PRD00048,SupplierE,2024-03-24,Other,In Progress,238.0
PRD00490,SupplierB,2024-01-31,Labeling Error,In Progress,387.0
PRD00427,SupplierA,2024-01-21,Other,Resolved,140.0
PRD00557,SupplierA,2023-12-16,Labeling Error,Resolved,446.0
PRD00274,SupplierF,2023-11-17,Labeling Error,In Progress,319.0
PRD00306,SupplierC,2023-07-26,Packaging Damage,Resolved,1223.75
PRD00106,SupplierB,2024-06-25,Other,Not Resolved,180.0
PRD00446,SupplierE,2023-07-21,Product Wrinkled,Resolved,378.75
PRD00163,SupplierA,2024-01-05,Other,Resolved,178.0
PRD00560,SupplierF,2024-04-05,Packaging Damage,Resolved,1342.0
PRD00543,SupplierA,2024-05-13,Incorrect Folding,Resolved,168.75
PRD00192,SupplierC,2023-10-20,Labeling Error,Resolved,443.0
PRD00132,SupplierA,2023-12-29,Other,In Progress,204.0
PRD00213,SupplierB,2024-02-17,Packaging Damage,In Progress,1781.0
PRD00215,SupplierA,2023-07-08,Packaging Damage,In Progress,807.5
PRD00115,SupplierE,2024-01-14,Other,Resolved,321.0
PRD00153,SupplierA,2024-07-14,Labeling Error,Resolved,157.0
PRD00172,SupplierB,2023-01-31,Labeling Error,Resolved,129.0
PRD00007,SupplierD,2023-11-22,Labeling Error,Resolved,207.0
PRD00609,SupplierH,2023-10-22,Incorrect Folding,In Progress,672.5
PRD00002,SupplierB,2023-08-01,Other,In Progress,55.0
PRD00492,SupplierE,2023-06-10,Packaging Damage,Resolved,1739.0
PRD00154,SupplierE,2023-02-17,Other,Resolved,185.0
PRD00107,SupplierC,2023-08-04,Packaging Damage,Resolved,1470.0
PRD00386,SupplierE,2023-02-20,Labeling Error,Resolved,474.0
PRD00635,SupplierA,2023-03-13,Labeling Error,Resolved,114.0
PRD00641,SupplierH,2023-11-12,Labeling Error,Resolved,249.0
PRD00234,SupplierD,2023-09-15,Missing Items,Not Resolved,375.0
PRD00537,SupplierA,2023-01-17,Labeling Error,In Progress,223.0
PRD00651,SupplierB,2024-04-11,Labeling Error,Resolved,403.0
PRD00063,SupplierE,2024-04-10,Labeling Error,Resolved,322.0
PRD00241,SupplierF,2023-05-05,Other,Resolved,324.0
PRD00686,SupplierB,2023-05-20,Other,Not Resolved,265.0
PRD00598,SupplierF,2023-03-18,Labeling Error,Resolved,144.0
PRD00655,SupplierF,2023-02-14,Packaging Damage,Resolved,936.0
PRD00460,SupplierB,2023-05-03,Labeling Error,In Progress,365.0
PRD00580,SupplierE,2024-02-07,Other,Resolved,280.0
PRD00670,SupplierA,2023-02-15,Other,Resolved,389.0
PRD00436,SupplierF,2024-02-22,Packaging Damage,Resolved,996.0
PRD00127,SupplierD,2023-01-26,Labeling Error,Resolved,456.0
PRD00115,SupplierC,2023-03-10,Packaging Damage,Resolved,1054.0
PRD00502,SupplierD,2023-06-10,Other,Resolved,193.0
PRD00546,SupplierH,2023-05-09,Other,In Progress,193.0
PRD00298,SupplierB,2023-11-18,Other,Resolved,195.0
PRD00051,SupplierB,2024-03-01,Other,Resolved,234.0
PRD00590,SupplierA,2023-07-21,Labeling Error,Resolved,422.0
PRD00182,SupplierB,2024-03-28,Labeling Error,Resolved,350.0
PRD00467,SupplierA,2023-01-25,Other,In Progress,362.0
PRD00158,SupplierG,2023-10-27,Other,Not Resolved,333.0
PRD00297,SupplierA,2024-06-03,Incorrect Folding,Resolved,411.25
PRD00561,SupplierA,2024-06-04,Packaging Damage,Resolved,1193.0
PRD00015,SupplierB,2024-05-16,Labeling Error,In Progress,497.0
PRD00025,SupplierA,2023-02-03,Incorrect Folding,Resolved,623.75
PRD00240,SupplierC,2024-06-14,Labeling Error,Resolved,348.0
PRD00191,SupplierB,2024-04-16,Labeling Error,Resolved,409.0
PRD00571,SupplierC,2023-09-30,Other,Resolved,92.0
PRD00462,SupplierA,2023-03-19,Packaging Damage,In Progress,1515.0
PRD00462,SupplierC,2023-06-21,Packaging Damage,Resolved,1904.0
PRD00369,SupplierA,2024-03-10,Labeling Error,Resolved,271.0
PRD00387,SupplierB,2023-02-05,Missing Items,In Progress,458.0
PRD00521,SupplierG,2023-12-24,Other,In Progress,344.0
PRD00535,SupplierC,2024-01-02,Other,Resolved,386.0
PRD00358,SupplierA,2024-03-11,Other,In Progress,269.0
PRD00276,SupplierA,2023-02-27,Other,In Progress,357.0
PRD00190,SupplierB,2023-08-16,Other,In Progress,393.0
PRD00379,SupplierB,2023-08-11,Labeling Error,Resolved,139.0
PRD00513,SupplierC,2024-02-24,Other,In Progress,294.0
PRD00598,SupplierB,2024-06-21,Labeling Error,Not Resolved,181.0
PRD00598,SupplierA,2023-03-09,Labeling Error,Resolved,340.0
PRD00364,SupplierB,2024-02-26,Incorrect Folding,Resolved,662.5
PRD00652,SupplierG,2024-03-06,Missing Items,Resolved,1083.0
PRD00620,SupplierA,2023-07-19,Packaging Damage,In Progress,1585.0
PRD00665,SupplierA,2024-05-06,Labeling Error,Resolved,163.0
PRD00308,SupplierA,2023-07-02,Missing Items,Resolved,478.0
PRD00114,SupplierE,2023-09-14,Labeling Error,Resolved,205.0
PRD00001,SupplierC,2023-09-01,Packaging Damage,Resolved,1658.0
PRD00527,SupplierB,2023-05-04,Other,In Progress,241.0
PRD00206,SupplierA,2024-07-07,Labeling Error,Resolved,322.0
PRD00602,SupplierF,2023-06-21,Other,Resolved,165.0
PRD00327,SupplierB,2023-03-20,Other,Resolved,108.0
PRD00455,SupplierE,2023-12-01,Labeling Error,Resolved,433.0
PRD00255,SupplierC,2024-06-17,Labeling Error,Resolved,193.0
PRD00106,SupplierE,2023-07-01,Other,Resolved,101.0
PRD00684,SupplierB,2023-04-07,Packaging Damage,Resolved,1597.5
PRD00581,SupplierA,2023-07-17,Other,Resolved,137.0
PRD00317,SupplierC,2024-05-09,Other,Not Resolved,215.0
PRD00122,SupplierF,2024-04-17,Labeling Error,In Progress,446.0
PRD00127,SupplierB,2023-03-14,Labeling Error,Resolved,123.0
PRD00112,SupplierE,2023-03-27,Labeling Error,Resolved,272.0
PRD00202,SupplierB,2024-01-04,Labeling Error,In Progress,166.0
PRD00297,SupplierE,2024-02-07,Incorrect Folding,In Progress,167.5
PRD00534,SupplierA,2023-10-30,Other,Resolved,257.0
PRD00337,SupplierC,2024-06-11,Labeling Error,Resolved,162.0
PRD00200,SupplierA,2023-04-08,Labeling Error,Resolved,323.0
PRD00241,SupplierF,2023-06-27,Missing Items,Resolved,755.0
PRD00256,SupplierA,2023-06-13,Missing Items,Resolved,808.0
PRD00374,SupplierE,2023-09-17,Packaging Damage,Resolved,1297.0
PRD00411,SupplierB,2023-02-03,Other,Resolved,90.0
PRD00310,SupplierC,2024-04-30,Other,Resolved,240.0
PRD00469,SupplierA,2023-05-07,Other,Resolved,395.0
PRD00239,SupplierB,2024-07-01,Packaging Damage,In Progress,1918.0
PRD00572,SupplierB,2023-03-07,Labeling Error,Resolved,126.0
PRD00498,SupplierA,2023-02-09,Labeling Error,Resolved,267.0
PRD00009,SupplierE,2023-07-19,Other,Not Resolved,80.0
PRD00697,SupplierB,2023-08-24,Packaging Damage,Not Resolved,1436.0
PRD00019,SupplierA,2023-03-01,Packaging Damage,Not Resolved,1443.0
PRD00209,SupplierB,2023-12-10,Labeling Error,Resolved,201.0
PRD00038,SupplierE,2023-11-22,Labeling Error,In Progress,219.0
PRD00125,SupplierA,2023-11-11,Other,Not Resolved,221.0
PRD00167,SupplierG,2024-03-24,Missing Items,Resolved,1070.0
PRD00356,SupplierF,2024-01-08,Packaging Damage,Resolved,1367.0
PRD00248,SupplierG,2023-07-07,Other,In Progress,53.0
PRD00091,SupplierG,2024-03-08,Labeling Error,Resolved,360.0
PRD00389,SupplierH,2024-06-02,Incorrect Folding,Not Resolved,516.25
PRD00422,SupplierD,2023-12-23,Labeling Error,Not Resolved,290.0
PRD00703,SupplierC,2023-07-23,Missing Items,Not Resolved,1063.0
PRD00608,SupplierA,2023-07-14,Incorrect Folding,Resolved,156.25
PRD00268,SupplierA,2023-04-16,Packaging Damage,Not Resolved,1336.0
PRD00586,SupplierB,2023-01-28,Missing Items,Not Resolved,879.0
PRD00347,SupplierA,2024-03-17,Packaging Damage,Not Resolved,875.0
PRD00392,SupplierA,2024-03-26,Packaging Damage,Resolved,1328.0
PRD00485,SupplierA,2023-07-26,Other,In Progress,199.0
PRD00483,SupplierA,2023-08-07,Other,Resolved,107.0
PRD00258,SupplierA,2024-04-12,Packaging Damage,Resolved,599.0
PRD00355,SupplierB,2024-03-08,Labeling Error,Resolved,484.0
PRD00113,SupplierA,2023-04-04,Incorrect Folding,In Progress,736.25
PRD00142,SupplierE,2024-06-01,Missing Items,Resolved,1089.0
PRD00558,SupplierD,2023-04-12,Incorrect Folding,Resolved,295.0
PRD00279,SupplierE,2024-07-02,Packaging Damage,Resolved,1860.0
PRD00652,SupplierE,2023-02-08,Other,Resolved,212.0
PRD00584,SupplierA,2024-07-06,Other,Resolved,108.0
PRD00538,SupplierH,2023-05-22,Other,In Progress,145.0
PRD00392,SupplierC,2023-03-26,Packaging Damage,Resolved,998.0
PRD00388,SupplierA,2023-12-19,Labeling Error,Resolved,260.0
PRD00440,SupplierA,2024-06-07,Labeling Error,Not Resolved,154.0
PRD00247,SupplierB,2024-03-11,Packaging Damage,Resolved,1675.0
PRD00602,SupplierB,2023-06-26,Missing Items,In Progress,521.0
PRD00644,SupplierC,2023-04-11,Other,Resolved,235.0
PRD00157,SupplierB,2023-09-14,Packaging Damage,Resolved,1629.0
PRD00279,SupplierA,2023-09-10,Packaging Damage,In Progress,569.0
PRD00084,SupplierD,2023-01-17,Labeling Error,In Progress,253.0
PRD00020,SupplierE,2024-01-26,Other,Resolved,234.0
PRD00440,SupplierB,2023-05-15,Labeling Error,Resolved,160.0
PRD00466,SupplierB,2024-04-06,Other,Resolved,352.0
PRD00281,SupplierD,2023-06-20,Labeling Error,Resolved,323.0
PRD00105,SupplierF,2023-10-01,Incorrect Folding,In Progress,247.5
PRD00173,SupplierC,2024-05-28,Other,In Progress,254.0
PRD00473,SupplierB,2023-02-25,Labeling Error,In Progress,155.0
PRD00520,SupplierG,2024-05-25,Incorrect Folding,Resolved,132.5
PRD00079,SupplierE,2023-02-18,Other,Resolved,240.0
PRD00143,SupplierB,2024-05-28,Incorrect Folding,Not Resolved,617.5
PRD00230,SupplierB,2024-06-23,Packaging Damage,Not Resolved,1965.0
PRD00184,SupplierA,2023-03-28,Labeling Error,Resolved,325.0
PRD00705,SupplierB,2023-03-01,Labeling Error,Resolved,409.0
PRD00307,SupplierB,2023-10-20,Incorrect Folding,Resolved,637.5
PRD00455,SupplierC,2023-10-21,Labeling Error,Resolved,214.0
PRD00224,SupplierB,2023-03-19,Other,In Progress,102.0
PRD00508,SupplierB,2023-02-02,Labeling Error,Resolved,222.0
PRD00220,SupplierB,2023-10-09,Labeling Error,Resolved,467.0
PRD00504,SupplierB,2023-10-23,Labeling Error,Resolved,370.0
PRD00563,SupplierD,2023-01-11,Labeling Error,Resolved,229.0
PRD00126,SupplierB,2023-11-30,Packaging Damage,Not Resolved,1075.0
PRD00506,SupplierA,2023-01-26,Labeling Error,Resolved,474.0
PRD00692,SupplierB,2024-04-28,Packaging Damage,Not Resolved,1564.0
PRD00563,SupplierA,2024-02-27,Labeling Error,Not Resolved,305.0
PRD00603,SupplierB,2024-06-27,Incorrect Folding,Resolved,153.75
PRD00223,SupplierB,2023-10-22,Labeling Error,Resolved,150.0
PRD00263,SupplierA,2023-05-01,Incorrect Folding,Not Resolved,165.0
